x0,x1,x2,x3,x4
-0.15209671139799075,-0.6148618766326207,0.6739045278515903,0.48665062687232696,0.38840753549895524
-0.32580681380901655,-0.7127301125784133,0.6297100135058081,0.4725532957436043,-0.4175916104548325
-0.29893747296961376,-0.6353235923052319,0.655647121259821,0.5980278414140032,-0.668518883635817
0.11780377367911041,-0.5298570882848636,0.9421030648582202,0.4948026350292003,-0.44189320559736806
-0.26871339608880035,-0.6564926538210177,0.793922248309266,0.4706708207644917,-0.17877853234881824
-0.2532814157026875,-0.7013774016248675,0.8123710771605738,0.5684642391421318,-0.1585310590971691
-0.03153642836525877,-1.3408388481682567,0.659135441416751,0.40888113671842813,-0.3027047388278074
0.3785651584534257,-0.34247802180026254,0.8159119343751842,0.7167482132547084,0.07017464575916763
0.4983964701177782,-0.6249453563980684,0.41812274625757645,0.5510302604632382,0.2761787816180956
-0.16001569760939688,-0.6195915412789847,0.2928983763597556,0.5988750563674856,-0.2868718741721045
-0.2368087670530217,-0.3296865401808362,0.4183244158737943,0.627360593219549,-0.1950377933458477
-0.16110754241920822,-0.8881995468037771,0.4214496229401101,0.5403966799501393,-0.17314166935080078
-0.007916635416668122,-0.7267074122998494,0.4420163302171163,0.4330393578362387,0.2303591257222456
0.10763200201074086,-0.8094117389826844,0.3131917652873603,0.5240453052867456,0.2485001462654846
0.16627038405503922,-0.3641388248060867,0.27219705593720983,0.5123984962818139,0.05505812381914364
0.005516550208499144,-0.2706542156013898,0.19849384740394999,0.4511379733820557,-0.18729471459198435
0.40910592098240384,-0.2706328922830652,-0.0370442198909719,0.3043084227579034,-0.04159769242224968
0.2138813775179649,-0.3732250949545958,0.11712640247337998,0.27460485409927154,-0.05344948123061568
0.08130277676490073,-0.6824934064965806,0.30066430036611125,0.25390193378895026,-0.011564329029180732
-0.18579407012315313,-0.4595355920946729,0.5309411971929905,0.10749919994222912,-0.17902971158234438
-0.21151728616060061,-0.778574509394638,0.8466833601010856,0.3527861039944465,-0.1478629563662804
0.026758332593908807,-1.0485160513872953,0.6288035260610332,0.43980520102653187,0.00702193106268284
-0.14893769759743566,-1.0503496399597814,0.5696269285501147,0.5731917545891985,-0.40335067628670496
0.005633099062928221,-0.8915285794472783,0.5108861066125081,0.5520098009607131,-0.259899443806647
0.21651262241503222,-0.8801112298105706,0.4021421059973767,0.6010695279498096,0.2365844369957551
0.15417099857536823,-0.7665689633569824,0.4642096006613856,0.5794069844845828,0.09677476353558956
0.01723853033706818,-0.8241205956394688,0.26839040421106597,0.5235436846326516,-0.10919006618204835
-0.031205035257309305,-0.4647569110019806,0.23569675068805107,0.5225083053581179,0.3419417202107376
-0.15832726318831922,-0.4678295710671733,0.3408041273349382,0.45721608650376205,0.3408776601947553
-0.003153818957161547,-0.5831657577649955,0.34736453572769077,0.4426572385004551,0.7290183581966387
-0.05027892035158407,-0.623252800103568,0.4264481589732354,0.1847494318826923,0.4563602937078539
-0.002813508408509205,-0.9112959334753513,0.32175281006939604,0.11113772572784178,0.4620436631159028
-0.031002610820997478,-1.0666319716112675,0.17520294769626732,0.22114328815510653,0.46955175945039207
0.07299600680278294,-0.7844107907757194,0.04932799095847109,0.5670735787111226,0.4978762977095228
0.08744977679538103,-0.9554262939233746,-0.029390664051576733,0.459000600019325,0.2918439764419001
0.0871863942446053,-0.7865128641551582,0.036562825930553294,0.45998061308445454,0.5288902235260731
-0.14262958826366934,-0.7232863496565622,0.1864546208026457,0.5495645761099472,0.3464147239789851
0.07991314335765426,-0.5669079996817565,-0.038478155968149075,0.4487216625512488,0.4321610607981532
0.13219460230238664,-0.8128740434781478,-0.13113861980925368,0.2332687759060286,0.15700113789216974
-0.08649942138254532,-0.1616571008723188,0.005340848626278899,0.2428842139284002,0.7944221427514768
-0.1584810009908959,-0.24492256979148905,0.20417437832281657,0.19466916859882452,0.907098284590101
-0.1197253544337266,-0.255908488587285,0.10632535316319792,0.4142081452070671,0.3608221397382243
0.1347435903171597,0.29958255473266365,0.01638755860314342,0.11557843435270035,0.35799374975705056
0.12657867877049836,-0.05285507881129481,0.2850379649583573,-0.3034952674157113,0.3075895771221594
0.004713925485903936,0.022260832157245225,0.25552265033986876,-0.282896893541821,0.3342210487631127
0.2730141835644505,-0.2430338608886518,0.10411793032602946,-0.4744006065823048,0.5126329008361331
0.2001598426191495,-0.08258822522717013,-0.09744388429612383,-0.3235939301126717,0.5178036326566056
0.1761738624320886,0.3526375503910214,0.09996498368845218,-0.2728668101478475,0.3448294512754787
-0.006100103701443038,0.2650436305906356,0.2082338270066055,-0.274520369885563,0.060696507994839
0.48640830932452045,0.7869221353753427,0.1810073336134008,-0.16026250133355582,0.41479317907640517
0.5602213518668294,0.3390456943518792,0.10999579375587804,-0.4029507950927617,0.613210243297881
0.060922980224363155,0.23319087145499973,0.16198807888307853,-0.09176767193380647,0.37236519047104455
0.1951076950697159,0.2509109411121057,0.1362628048594639,-0.4099127415445225,0.6684764245575552
0.47296228108379457,0.2741404783441856,0.07975050597873515,-0.48850321590209156,0.7909545885099935
0.2714497754471834,0.3654041168053599,0.19244249811015965,-0.37249873163218544,0.6325756283883006
0.20299425677368305,-0.2965618306971309,-0.05478353568363203,-0.05977688909929807,0.6249515725893909
0.1713856197265561,-0.37832738830712986,0.21796951551097482,0.07217097300133327,0.32193035194872677
0.8389620773802129,-0.20727444145632193,0.4091941327800942,0.259251945760107,0.9937573815610079
0.4945978215929694,0.15947728715187404,0.3083682779959834,0.3171363885561992,0.686353741870281
-0.15010181836741227,0.027687233173181114,0.4277554917234629,0.2668206512172936,0.4392863684328779
0.14917222364361987,-0.5771336598355695,0.20461965911133623,0.11128584977371819,0.7352414164802507
0.5160001184198185,-0.4525934495959828,-0.11470760762823154,0.5404339603811666,0.7706087236174978
0.44193514659680433,-0.0007933105384751449,-0.3651612792024387,0.5057866983066994,1.3740588416353376
0.5109761359942596,-0.549885205105248,-0.2368517927778187,0.3854150098439946,0.8552262624062479
0.47787589368654027,-0.1729790416864726,-0.16743377823088107,0.6058644554682608,1.177207110465564
0.5876271630417031,-0.6280423242661457,-0.1491515640047591,0.6021247705407505,1.2843132908318713
0.480045511905733,-0.577852223008674,-0.2549673453083162,0.40403248282323556,0.773593696228111
0.30139400989277765,-0.5746166440040066,-0.13816551113834535,0.5040643081326884,1.1041669393082887
0.462979936298911,-0.9503125931509062,0.051753123387650306,0.3888397546354195,0.7957688384258116
0.3509541703560228,-0.14596991966694423,-0.12242555626621197,1.1359432280506114,0.40360290214603345
0.5332148799892991,-0.45894602137086155,-0.1395230531039524,0.8179184688938779,0.5380733458893359
0.4461239779168018,-0.9507793408762962,0.018829860375233445,0.7291134449157863,0.8565055160746927
0.32546111052269927,-0.37559134334868305,0.1682504574670324,0.731728756339564,0.7517657696460335
0.48419651528475005,-0.4004297109803375,0.0035713101199491143,0.6420337182220852,0.6070218409249902
0.4223541741833512,-0.8119747097065761,0.05449963565141773,0.44363572086423647,0.6508748742652307
0.3429058481497446,-0.6294006215018539,-0.15347087447646707,0.46628514714646696,0.6297546786726204
0.29321162987447447,-0.284693492569041,0.0001616091813499143,0.5537368291855544,0.61967327268372
0.5245332072046562,-1.070480068428102,-0.05730236663760127,0.3999206327542262,0.41021499032600595
0.30960728763644696,-0.617674277044992,-0.23407367493510606,0.5804303803963555,0.4258685685670669
0.5281404824249094,-0.1039120057409795,-0.3140215252122282,0.702893000337606,0.8311521287661261
0.626938231567687,0.4178743432382815,-0.7524775118026154,0.7350972232626957,0.6187814445358166
0.3247462179458646,0.316608476016056,-0.3649857898743505,0.04876598498390694,0.66132680353083
0.4410980818493111,0.36089058156302933,-0.28072776832370333,-0.18658085562518423,0.39385871285576685
0.43295499668619825,0.2919236814944663,-0.27239331121822685,-0.672440534441021,0.6288426854995068
0.69555711357994,0.5397400659083363,-0.25165554052807987,-0.7177069177385008,0.8398690995037834
0.32698091358967135,0.5418556582970685,-0.022749637454185956,-0.5989438143525926,0.6800680357466853
0.34224725088985875,0.08091012166386863,-0.03117879916869748,-0.3042394096937783,0.7658384700542444
0.2988580331883838,0.15728088930494127,0.23232125223485478,-0.06552390944960473,0.8704912647656048
-0.12070460914181569,0.22073237539769353,0.6458734659538328,0.06589950315614895,0.43631507991068824
-0.03536336573096299,-0.34045446612169394,0.6968946817888719,-0.04936724036299617,0.44366792670810085
0.2362582412345233,-0.3014632816684215,0.5741197930534422,0.07493766727175988,0.6132145265664204
0.4461729783223851,-0.7092167864629396,0.39585970991727837,-0.16922941968118305,0.9000503662280946
0.7483436659513221,-0.5244688552150911,0.4269979608168235,0.3237794589251431,0.6876649352746795
0.6883487163603395,-0.4067770489652518,0.3469051251010392,0.6842612983631733,0.5790863796197051
0.3834623533332929,-1.1101281484578258,0.24803191515164782,0.4369123719917488,0.2833705045998671
0.07844226544173222,-0.7087636183674083,0.19873206568907437,0.687455774430574,0.3010195481278818
0.4290199191918571,-0.9004493170655747,-0.005450538974458324,0.6831111115690249,0.6249515135941415
0.6809071854628689,-0.6157542607605744,-0.005406337216365159,0.23034642327194088,0.7448351741106701
-0.15810193160578123,-0.6562733549886295,0.21850389107046025,0.415082920925468,0.6241169472467463
0.023798820887497407,-0.2177489337107672,0.9163648103345198,0.7145295930506786,0.7512726494910693
0.012266189860116627,-0.5809809476588293,0.8780200244603658,0.9060335169725254,0.47708391182855636
0.18139533337411656,-1.2459198935078089,0.732093623930136,0.8044621365081901,-0.21271577667541874
0.40180788001243267,-1.3744289403001404,0.32412425497037617,0.8861889656598194,0.6094238474903283
0.28944353244416576,-1.6692948414165913,0.14121031126650477,1.0477502050125818,0.5886556398045877
0.26150668425655293,-1.6184946094117871,0.20124277630565518,1.2370612788477882,0.7201704195284641
0.310142532769877,-1.7610082152404836,0.008942724963557091,1.3417308614901124,1.3645641717729344
0.1436688343696811,-1.4439079211783459,0.49983715148135754,1.3909455988064383,1.0733077287574135
0.5740331988469379,-1.691553896142029,0.22846271668165694,1.3335461129356039,0.9650340121755568
0.491670997079771,-1.4478970035999752,0.055689947453561234,1.505413203952115,0.9523481901820886
0.19284634853947005,-1.1556426696256066,0.1293568144331021,1.6827144669353733,0.9504176279547891
0.484694934658112,-0.9062394717119877,0.09341422264371829,1.6872876973485045,0.8848653799513733
0.37262339645466114,-1.3762699731150023,-0.022880383256402376,1.1968481055422608,0.7933801806852194
0.5214355762532038,-1.0085605585642352,-0.03607785327394522,1.0833123782099543,0.8675266675360516
0.3277543011531961,-0.5860587841597318,0.11343163483425027,1.0740831593569045,1.1610715021775126
0.05798606428720193,-1.0279060539854408,0.277112504891383,0.9460616673382373,0.8877402611156056
0.16895258714046893,-0.7181653226560736,0.3005126869687987,1.0842115594348152,1.0533085365683292
0.5798707233995931,-0.02797355421559522,0.17909734699513508,0.8138309437132222,0.9802607616854254
0.5797078572517326,-0.39169138565441375,0.23523222069691396,0.5855597328301642,0.6615132933207625
0.4096229732346757,-0.7417862122476775,0.3071159696658911,0.5380089316679728,0.7720383080046436
-0.015234512476191842,-0.5808456251320793,0.23178228880419308,0.5558813124252632,0.44909671293233905
0.19286665154231616,-0.8454555737007111,0.8610978751624965,0.7313461591855818,0.5222823692349774
-0.010329534985319078,-0.5927455338060029,0.5510247656535201,0.6589518553567627,0.6663383163598278
0.05764895730694547,-0.8453395318127939,0.6674965141103506,0.7915889849476423,0.8813015480477983
0.07638551213677147,-0.869388931565716,0.8674933175083888,0.974053428804897,0.8680543185222039
0.8337023434400219,-1.126897168869866,0.2896692292489652,0.7748223616703271,0.7591683258547102
0.5079402171834019,-1.098260586491284,0.0741368225629833,0.8895298159830953,0.6465701664627896
0.34704702261664044,-1.2400323037221193,-0.10056200146371588,0.9966069950429565,0.4840791510770131
0.1339892279922718,-0.67534637859588,-0.28010622867897494,0.996323290553242,0.4813767530724534
-0.12337374280179711,-0.8726543362795292,-0.18508103586040794,0.963138874065216,0.575682066882564
0.2551878887251217,-1.0017146620764845,-0.025337316623281814,0.7954625427407913,0.5976513105440048
0.41901800003373246,-0.9035103610910186,0.329391619149192,0.6613637232272949,1.8896994879265643
0.45154016654194074,-1.046635419450819,0.7487479066059597,0.5461552345015787,0.9355167373994927
0.2998528325485096,-1.2997418287003801,0.6920598045058663,0.6268672425452602,0.5473069396572086
0.1821063282612052,-0.8628529049877973,0.26261342450577285,0.6475662926997651,0.61644361010379
-0.050852124336682264,-1.305927570957226,0.5070956760652133,0.5678917021324459,0.3929096261215851
-0.055210073052549574,-1.2663029164765522,0.34836682593181617,0.8803680801528873,0.579784489865806
-0.16570888490165192,-1.3314615096337392,0.5490803056110556,0.8221504282905727,0.6351075881138971
-0.3947065533632841,-1.6201532176004378,0.6404792348079139,1.0560891885289192,0.9470056344950859
-0.10049141563714303,-1.6785957300587924,0.5360838418521596,1.308337324138837,0.7190953284784012
-0.15963122890163578,-1.356748663894897,0.6125534080322728,0.8472158005961962,0.780707281815902
-0.056045829271157546,-1.0211579739384067,0.7665071879368874,0.8170621539888819,0.8831355198226438
-0.07531326351962486,-1.2188854802288627,0.48460172853287986,0.5728148587461804,1.0766124268858925
-0.11359321329038796,-0.7337338373154352,0.650702758056732,0.7272603482496379,1.0653036451431508
0.1825324650513474,-1.0059765846758661,0.36290836508703334,0.4755728783453817,1.2970315491252724
0.05692130439460599,-1.068087885513775,0.57712450542879,0.419678531789336,1.0987739719458385
0.130280932223122,-1.0498430635057,0.5243324164940337,0.3888547486475528,1.1502067074567952
0.2870848955508163,-1.5699578622894301,0.18992075797369898,0.3842680220172566,1.043093440721945
0.2451150218715834,-1.226791157749562,0.1826255357285611,0.49028690362353344,0.7959576948322282
-0.251355809753962,-1.1261983877022617,-2.2630386110419476,0.5829076654146259,0.8104642715249123
0.03546702443752636,0.325830377043957,-1.5728500849270577,0.408541102807798,0.9318430253474633
0.011357900471176803,0.47151612189883174,-1.1538608596558635,0.3335214960505812,1.1021916587435432
0.22996813922804715,0.21717136243093382,-1.3175326984258087,0.05016399837089386,0.8230251590126185
-0.028744361950207388,0.16185050748999363,-0.975395220714742,-0.017486370515127747,0.6545368295406003
-0.29142000415364455,0.3568195882488938,-0.5085480333607243,-0.011282626143911845,0.8420555735630851
-0.23036314944066494,-0.15138453173376554,-0.02311095962506926,-0.24490867916141307,0.6679502138494762
0.2202170927996645,-0.28838699106407417,-0.06876262115006948,-0.3405041007788445,0.4898583660822777
0.013721155573099424,-0.4787742632197435,-0.025160512278358804,-0.2916785239672746,0.2087963703322468
0.1416299278514104,-0.5082085028582896,-0.2354977929391593,-0.05246057790211195,-0.0022227683236897278
0.0547988919234559,-0.4684565372774351,-0.27747963564743183,0.06709012889318566,-0.08045509832210529
0.2188622015501792,-0.37498091020997126,-0.22185520912127893,0.07881861128306106,0.7415911147867944
-0.017568494719536858,-0.6805282914211541,0.029143864029741867,-0.03656297082021209,-0.1749141641074693
-0.16003858276396635,-0.14663322722320093,0.03039059374035203,-0.3012408733331311,0.6153912438535554
0.28042579185997696,-0.24209058984493326,0.13638301541381337,-0.4943086045738543,0.7612325966316105
0.21104886917396487,-0.40982755899137496,0.23482857462796736,-0.5155885025354381,0.560917135547294
0.017739037683903724,-0.46232601120324307,0.34765655261073186,-0.3598351664656374,0.7966400715970726
5.4213779713901955e-05,0.03322044933859536,0.24066428596848832,-0.24353059266312538,0.8909898559146412
0.5008591877142017,0.02273030794541786,0.20181987874555304,-0.1558373287232756,0.5396870612054484
0.12831585662847383,0.10335746862771478,0.25841362586192673,-0.04391814884377809,0.786147879545996
0.3335822220930573,-0.6660176457793218,0.5408260537763713,0.38389600909428323,1.055942075317076
-0.17912730996438334,-1.176459398348128,0.4647389560778577,0.3865641841969213,0.19167496603855488
0.06205016007723144,-1.3909454233594043,0.34842602878462503,0.252909551812435,0.5516261617565177
-0.3014956940232521,-1.3163060045979296,0.36519299235657066,0.5888353861022986,0.6800672557782871
-0.09648310723132372,-1.1028292405434217,0.4468084886298467,0.694342525867937,0.6109999503966768
0.016835192950337315,-0.756623903094327,0.310723814033538,0.2805101381512501,0.5858679271247659
0.1858010037494341,-1.156482603461271,0.07965945855333163,0.2197030191681733,0.6541621638854694
0.02648453764260294,-0.6628282929940921,-0.00669698294567872,0.10478436021169119,0.3698246908897841
0.21963445117137553,-0.7643204931372299,0.11654761447430893,0.21328266431989645,0.38589058523089265
-0.20067925672665277,-0.9284218960524923,0.23186364517681116,-0.01879014489296804,0.39905867498479436
1.0610249523684923,-1.1263423891576099,-0.04751172180602137,0.004670203040659904,1.0100816042033876
0.22679000762987067,-1.122947981000949,-0.07634039335940124,0.008417727598218516,0.8539297841991775
-0.05961059110379176,-0.9615785447487892,-0.20676532663954458,0.17050005746245905,0.8206548879104731
0.01232991853047416,-0.8645249309827847,0.2899820560936707,0.08476328586825482,0.6629140648282403
0.17269936120162843,-1.1266292412825074,0.18927893743321672,0.21847512367859212,0.8185938041161304
0.08658426760519196,-1.452568408455115,0.2251239633055464,0.45388082196624835,0.788157138796177
-0.09932678935043279,-0.809825178238089,0.684035404085883,0.4853597305855384,0.4078053187040139
-0.3106378926624968,-1.2187683587632914,0.1604605144011713,0.5955641685168676,0.6856570123989741
-0.21659552777900848,-1.0909118761581422,0.17155022777820983,0.5495984623547472,0.7584569898433787
0.4652042302814088,-1.4377684399860404,-0.21056726733879935,0.09855168283999277,0.4211294435652729
0.11997428125702139,-1.4421189324601598,-0.24834719941829406,0.3194452030277226,0.6974672553019365
-0.08939381158457699,-1.0210304115212114,0.36293497778752287,0.4865003224463969,0.6570173362136909
-0.3444341981200779,-1.1750102181210202,0.3183670645660619,0.29463355377372585,0.27184047574461695
-0.4990892079911877,-1.5957792868417913,0.005644224050387198,0.3510431513631429,0.26772709790566385
-0.43386043366489313,-1.050405163675477,-0.08759184451685116,0.2959416104954744,0.782639654314139
-0.5412209271029833,-0.8352648002413166,0.19073765437179063,0.3052775021886919,0.943894820196912
-0.5512040493995418,-0.6422417141292339,0.0512107090003254,-0.04476833039377387,1.2282001694683429
-0.27550993308296284,-1.2513438406529513,-0.04502133554329657,-0.0992220071302638,1.4097105675716715
-0.048562538392437016,-1.3695670664692807,-0.10594552881747193,0.24435916342887581,1.0639434574947946
-0.77690632479054,-1.4962222184105074,-0.28431291723895097,0.41911039439306064,0.9829376743771299
-0.06847570104571188,-1.224263128594191,-0.6224721927854064,0.6073214777454328,1.0043216405322193
-0.3938976171907128,-0.7507635384852585,-0.6677529641823683,0.5641885940016829,0.8093056684730032
-0.11001313399912527,-0.8508229993793858,-0.4224483139317968,0.4742471548122833,0.8741025707967229
-0.1332345745765226,-0.7345579606756455,-0.21454249637133266,0.43246089174876934,0.4867429144534439
-0.26847989185154436,-0.6228482405424765,-0.14782909137559824,0.22029870268663104,0.82017335095587
-0.10014697794377325,-1.081146560733799,-0.20536634264828882,-0.0014326145954036695,0.7748464289462719
-0.13097673453473435,-1.2107952664586326,-0.3957864687698739,0.0009752420069444323,0.8122439269624234
-0.2517618761130075,-1.5235619818061243,-0.10975239578068455,0.18483203025055955,0.47800935966577585
-0.03471928344353964,-1.5429957894963988,0.2670422082904579,0.35836593392736654,0.6512490299163252
-0.18856176439339348,-1.1845356084870762,0.19272579332464004,0.36357854024925845,0.6485529412324625
-0.29259033610219287,-1.5941404264638288,0.290035151171911,0.41346986800842683,0.8941676326768537
-0.3156706651575131,-0.8964589651947081,0.5272325747137447,0.4659414590985319,0.6524863614611047
-0.2510029389229466,-1.3605531978737628,0.504594874589259,0.32890138955324705,0.7240412075239938
-0.2928095750647458,-1.3860700548681466,0.37230993947246716,0.5622714523691066,0.7654429332598757
-0.17769960158796844,-1.3513305499891808,0.24544430296289527,0.5960409147952787,0.9072242580782366
-0.06358389115452537,-1.2771228152026024,0.003260992859792311,0.48565565901374286,0.5880423654345579
-0.3247367687382754,-1.3066833713955173,0.3034071356701109,0.4597589852320997,0.5931354530600306
-0.13173240025944008,-1.322021630485769,0.20796042719784635,0.7353580285798846,0.27465744101252126
-0.18652331789168916,-1.3355538020910467,0.3095240129985324,0.5761077093095708,0.31595359589371785
-0.43994866498828733,-1.1649439175056449,0.08739110422399306,0.7007745531146867,0.21217402688360043
0.44144947264560963,-1.0462162373082584,-0.002227993503880976,0.5213905957704565,0.3844188968478809
0.3976912636139446,-0.4256611850317896,-0.10017261303387957,0.18158048940229787,0.7734930884002207
0.1556550327186363,-0.5078471739678676,-0.22262359999850556,-0.05315718239981754,1.0017323849083792
0.22171452560907925,-0.7670643267699117,0.0770204397257434,-0.2168850238918083,0.5515579602936994
-0.08587421649866883,-0.22431378064407836,0.025940635346172483,-0.1084148500613509,-0.14225708279631122
0.17344662039757747,-0.730917238379896,0.325433670299958,-0.2866020830669938,0.5700138932576829
-0.16188331704411676,-0.9213542238684773,0.637916853163579,-0.21004197315043233,0.655868124319585
-0.05940601856213255,-1.220896779903005,0.7166961240878615,-0.21792169296043956,0.6481279116443035
-0.07745865281331646,-1.4670282219674735,0.6450327305971479,0.08649542794197296,0.6813671133571
0.25712018468754105,-1.7846940629009915,0.23479871948174785,0.23097850595335467,0.4758308062942817
0.1340689066824799,-1.368560055067818,0.1656166239442075,0.3552292959257826,0.5891531302887032
-0.26852772682357895,-1.4217374957897055,0.20450744682359762,0.4591674667315706,0.4009112341248262
0.2270626936464417,-1.0431756363200213,0.4404981688460603,0.40166509803596917,0.07214625000769787
-0.18941389584229065,-1.2374939038805286,0.4556335297879604,0.0060072342471667595,0.08903469919548063
0.00987968674246767,-1.8300551428176717,0.557061854473999,0.21925868386089767,0.49445205030830947
0.30836233514350786,-1.6813628789028072,-0.01162510911587819,0.19421818764158752,0.33011089048260084
0.02481937207947342,-1.6107920027296179,0.09042044384700626,0.249516068093928,0.30991270676032145
0.017891140418099277,-1.4044666088015756,0.08471092334180441,0.458674392368126,0.33101072591264524
-0.0653026084595433,-1.264890542160378,0.24740790400177504,0.5313314213435947,-0.40043836616043355
0.1159677775810033,-1.3448614179235345,0.11512061114440685,0.38494296658537247,-0.002855744242692748
0.05527684870614584,-1.1351431240943954,0.24279392351049683,0.31448161767325644,0.41596402960207235
0.19424063660972712,-1.3599766629693846,0.19104676701048914,-0.018255754438268712,0.38231582290382893
0.13064546007648217,-1.342977356412198,-0.1667928080690733,-0.05750243181316739,0.3025410273404734
0.021932143822574413,-1.0493799401067823,-0.14804264038338938,0.1725998042868193,0.2790607403108144
-0.4158981147057125,-1.3238542331081922,0.16824193842247048,0.2633240649605343,0.025166617017733206
0.27071235284719325,-1.468818921971601,-0.08275737647355202,0.2781758159747883,0.21887670409182008
0.026619554462339358,-0.5515827911158262,-0.0814711306095961,0.42332131833042597,0.03352868057988534
0.5003251647670395,-0.9123443477792311,-0.19344883698436668,-0.1914000653022811,0.1773339257675135
0.18391947036157064,-1.0908044428265786,0.059253407357159144,-0.27525233796390014,0.45413522639403164
-0.051441412385811514,-1.5231318800561653,0.2563422660552307,-0.21844308016153388,1.167255196531929
0.17992306393878915,-1.1340214708551897,0.34739027327204103,-0.15370596081244764,0.31558029129278
0.2542960362514915,-1.0729472125829733,0.19863847928847156,0.04427904305772329,0.3234676267834129
-0.07030419278691574,-1.3280182705151453,0.23702746270616643,0.026069464200916825,0.12884373665610915
-0.13368307275663271,-1.1447771630055177,-0.20627789545808795,0.337401100125986,0.5671556039115956
0.5985314105286366,-1.2968934889376988,-0.3175049458363144,0.25316617961766386,0.44186489039544646
0.521944936052144,-1.1306215659358014,-0.4568581049427861,0.2845161749420401,0.3909843074933472
0.48058854250049704,-0.9886294178265409,-0.40665357975334193,-0.10899267697013704,0.7659153528599356
-0.04167669714884589,-1.0554565455195495,0.05800511855528093,-0.21112314981237656,0.2033650284165642
-0.27388689114364806,-0.8272605874151568,0.24776798255695565,0.011329516551462665,0.20642322835245075
-0.04056330216923961,-1.0249075038302211,0.2495919106402349,0.06495466476889195,0.27251757467350946
-0.0336278747177154,-0.9897888553927798,0.24618429850529058,0.2353592421222761,-0.07550450989507718
0.04153539542597591,-0.9785068863398526,0.11651285365763792,0.23741131392541004,0.015722977427278795
-0.3724916909076249,-0.850660987024454,0.013832591151471146,0.15653923162864578,-0.021204674622040065
-0.2427531363731125,-1.0123563589286086,0.1683724872589452,-0.1608130477273541,0.3105248796894685
0.02268681931128641,-1.1400418957864824,0.2528919809754825,0.323023611547675,0.5179194794348894
-0.3341775840015768,-1.4479514103583049,0.5175359645566695,0.16310590634618097,0.06513403161248427
-0.24197910843904064,-0.9156706107592896,0.674273487661377,0.12576945853027735,-0.20035310770717943
-0.13835710175907795,-0.7755825517533084,0.622429697557846,0.12062440090682827,0.21220390603494269
-0.11592594523936178,-1.1800779657555298,0.6207572703678848,-0.017577889601940455,0.5592070985541493
0.3465615388666196,-1.3255229581931534,0.5159596748541131,0.32529806569574965,0.14457927067288148
0.17796096176295134,-1.6458856679883274,0.3122948119656622,0.22296964763860969,0.24767617727984192
0.036021292838966074,-1.3639774468694918,0.20090893509015656,0.3468703898359017,0.04993654520377604
0.00553720592270307,-1.454804960868202,0.2041260789805432,0.27793569403288865,0.18552696761444512
-0.2735866075578082,-1.5558564636200276,0.3574716166391001,0.49454863720973397,0.1602302352541736
-0.42993538090362304,-2.3792509124876196,0.37618106393367595,0.6047399648382821,-0.012892914424436769
-0.09531678894265136,-1.8230630030872539,0.513311017304885,0.9387116878699768,-0.04065943203794145
-0.17966837809009079,-1.6293081214501903,0.5049130694859777,0.852121371253213,0.35811845912540474
-0.04837663044999557,-2.2850132310746014,0.23398839029013635,0.5601940825633156,0.559274970497282
-0.10405447644890575,-1.9032339437281187,0.10176931926654505,0.8203533023179995,0.1791962734579342
-0.14268743104673004,-1.8881768720376382,0.21965390544881028,0.795180257311769,0.10014846798496702
0.3876307043579895,-1.8457548633767937,-0.15152203182587703,0.972752751131422,0.41305077668245305
-0.023585018768938648,-1.4621344422922653,0.3518857583097021,0.9060338363225531,0.44402034297764226
-0.29450282834194674,-1.4628025992099065,0.4413008627108597,0.7954826429945937,-0.014072463850292039
-0.24950501497399843,-1.3455809448322784,0.25822857710238417,0.8690301607811144,-0.12048081419703308
0.2867721525096633,-1.3928559006520544,0.06837923484012357,0.633886803861379,0.1100795281794078
0.2519700842646003,-1.4580430497725385,-0.19828127344877744,0.9281143753800061,0.30390225738835963
0.00857851509591226,-0.9915038712918406,0.09550983430078148,0.6655487077934694,0.22539127832502948
-0.17858691689266515,-1.119898650517701,0.11216236892580603,0.6018982740809726,0.047888033041872474
-0.2642611876521951,-1.7779258009745127,0.03496531036444945,0.49828781335233174,-0.10608750901247953
-0.10708448893269917,-1.3403652808155653,0.0666350651652402,0.6430992004055504,0.1578624594994971
-0.31122357589944877,-1.2648923697341854,-0.16594137320985114,0.7582184810686763,-0.1115674370981779
-0.2846574461994826,-1.3547409266125179,-0.0844419781780472,0.8271132851093259,0.009572939040663406
-0.41849808378111253,-1.151848685513927,0.07070038500437856,0.8386098500632186,0.3033181771012304
-0.38330642066072573,-1.3688528239749953,0.1994901332658577,0.817025970166692,-0.03474237561305383
0.014873641962420497,-1.2959597695918477,0.19983842072757596,0.703238735006724,0.37647081729025866
-0.22334800724182793,-1.1721061324676099,-0.012959146066376083,0.6159625433481404,0.18181626789719765
-0.60136036570323,-1.217803486617904,-0.11817321946066836,0.8459372949645565,0.11501502589266166
-0.39330434323874613,-0.5681681731408997,-0.35722811312787556,0.9106518219811619,-0.047151046804480796
-0.6360865937154498,-1.191391743959103,-0.07158941028499093,0.7517846550911534,-0.03557496758419204
-0.53547114091365,-1.0954398384091564,-0.04211358374633206,0.7521047045282703,-0.09989433128981756
-0.3580754013530253,-1.2001547421539034,0.0361838955786245,0.7324252812506398,-0.4420366252939252
-0.27000050645137114,-2.128286556792794,-0.03418622275796551,0.7355221097119695,-0.1444958470089681
-0.1530196656141874,-1.6549730887831884,0.08001513768734657,1.243176287398755,0.05227929335303565
-0.5138519911589181,-1.6987080544125206,0.17865382518231693,1.4190884320936852,-0.005242959683153917
-0.7005855759088994,-1.7739284759982379,0.5310484036884989,1.5566511563101333,-0.13460010348536114
-0.31579471627990946,-1.823940155386834,0.4551627362702628,1.5330346357042262,-0.013586828628303307
-0.3319411126235051,-1.820248861093316,0.1995421418508522,1.259470852497615,0.07127081675601857
-0.6326085006252182,-1.4426605361546865,0.4430362380231799,1.3678520928553684,-0.29701772176690056
-0.2905545332372484,-1.5804584503482528,-0.01172027118068468,1.1962723230848602,0.2074592947321783
-0.23498912188012713,-1.5697042044400649,-0.08198927804860606,1.1812384219614063,0.1290992242841784
-0.3955629613551802,-1.4484502715987002,0.44914516476771765,1.3885898753954433,0.3957777285328974
-0.2958686175464452,-1.586554609441805,0.03744948164345534,1.4114674722432095,0.3680440429761872
-0.40044676509696375,-1.3643143294842135,0.03224632584119558,1.5773317022453077,0.6053194684288234
-0.35214061677582253,-0.9963496564581629,-0.2781088856897844,1.469932621286568,0.6468525198589792
-0.35969690394021,-1.2367600163683279,-0.09963417965857566,1.148289854805704,0.2984754251647721
-0.43455974148418536,-1.3305616548043921,-0.22865616990625054,0.8382145034160728,0.1596635912550417
-0.17554548173978549,-1.0807674704068604,-0.2755553114938648,0.7030737208410707,-0.07885020257474845
-0.6935700126889501,-0.8873802742880407,0.2459686031874123,0.661990708808048,0.2159616359614312
-0.4234169356339064,-1.7668365914672148,0.3478336140684278,0.5127553869432866,0.25556776123878466
-0.512832465164487,-1.3950955723924359,0.3492959972418963,0.3984412304334312,0.06780875616951082
-0.3670821932333077,-2.133259563811343,0.0820464692938912,0.5020562565686959,0.04902869003207119
-0.5193890957468209,-1.1798569674592585,0.1390388686198043,0.5678155261733112,-0.30691806535257615
-0.3567527777778893,-1.172225130438193,-0.010799303328275833,0.4106852841158102,0.021264910905669662
-0.5959440180939564,-1.2571084113592814,-0.12299293048833732,0.4049234944745465,0.32731769409413525
-0.7261464266597808,-1.4206984014992192,0.029924969471454704,0.506180371563401,0.19044345679417624
-0.8241677746060794,-1.3410832854966472,0.10626835578425153,0.54446518495813,0.09575174933780788
-0.800706391802586,-0.6976893155426578,0.16917210998467958,0.5687703428937302,-0.3046860307189617
-1.0462335307102184,-0.693931292447439,0.1308384803357112,0.538474966842582,-0.0801553822872496
-0.8360563699125734,-0.6812103896159881,0.3679276835471718,0.43630480840449143,0.07186185658107896
-0.773945051438088,-1.2871968391480961,0.45418727330289965,0.5715949644389837,-0.29633381648740514
-0.7541430684754674,-1.1403548371673558,0.31138563817841747,0.38403190027687073,-0.04829572120919205
-0.47871889058601724,-1.21045426540354,0.19292069950922197,0.23412206164961558,-0.13742549118500358
-0.4282783143724088,-1.2760041696922337,0.09475096163346208,0.4351658770364542,0.10818948062508943
-0.629241663750106,-0.5558657505631541,0.14778476731061604,0.4301504318658981,0.06716562006304683
-0.5939717358414074,-0.717126372628596,0.22475963316380823,0.4886705555193579,-0.011937270105990237
-0.5173530827225012,-0.6027338506427198,0.03675953360861073,0.4548978500801024,0.10544737185203416
-0.48279250843314925,-0.9067164773518246,-0.04793830288894413,0.14174300992693595,-0.004894138019305286
-0.3620413215219009,-0.9958198490711971,-0.09782884477297793,0.16465991327082374,0.040747512025297104
-0.37944961655068565,-0.7278846989204208,-0.23135956220565818,0.2593528124168792,0.034615705430754484
-0.6590524804420052,-0.1584003615707914,0.08230560441261048,0.4357035233438092,0.07765725083678926
-0.5619251855220331,-0.32535657387434846,0.15573820284930423,0.060387882422283656,-0.03338523971173181
-0.7127128556087308,-1.3367037584403403,0.4063791301856131,-0.2467966463075607,-0.04394703474003475
-0.5000952350473196,-0.966196544120574,0.061519302868248305,0.04462135270594336,0.30035044717054776
-0.6564286313683267,-1.0422266551943797,0.10405384430052965,0.04835054097614333,-0.3338294367488991
-0.8333600410558791,-0.8282959345419627,-0.0048057359816340295,0.27865702371340045,-0.03724168041798012
-0.690418416529527,-0.4199957585208278,0.04011191418906697,0.33239011304130683,0.49479483760458104
-0.7208794214940333,-0.7936453763747352,0.13365905712705578,-0.3376899926749126,0.4267619245051183
-0.6087810289344877,-1.0837665709444513,0.521282655571957,-0.0014572887575385884,0.3738718413245255
-0.7302934662484277,-1.2093595048711836,0.493834146088729,0.12232759175612179,0.30510056656415696
-1.1031786026432648,-1.70139470298824,0.5731886663605303,0.1883380518033027,-0.02226418219104978
-0.6601279360544282,-1.7333042470200266,0.38866069948019777,0.39889021290276355,0.1678597240412779
-0.48951057169485246,-1.5670442313587527,0.0913584682638526,0.5119285312161674,0.3172747768408754
-0.7874592518992326,-1.3865497568218885,0.04608999969086791,0.5292569175943933,0.22519177274791824
-0.06256991475564622,-1.214078614914768,0.0010421055476376728,0.412702977797494,-0.0014774717312351637
-0.3399320437823847,-1.6067497890886708,0.026170596481979752,0.40917179746391064,0.051303061853721764
-0.608604181416286,-1.0597062332231526,0.12423220513785152,0.33802289960583,0.12832580576974828
-0.7688037551117683,-1.3906043073827519,0.24547939197223329,0.6662742370054242,0.015157412918217247
-0.5824842902381642,-0.9974046172826818,0.2256367437513376,0.5034464911302753,0.11019290081805772
-0.7208260718430524,-1.1914300622201608,0.23902128905589687,0.48267410079338846,0.13185116848765388
-0.8089213467214444,-1.0046914082530884,0.26845729281028413,0.41631923116547465,0.1597213816207746
-0.8806371633712584,-1.0310443150475743,-0.8560852988867402,0.20277018830115084,0.10219978688718813
-1.157464578738055,-0.6892984112091647,-0.29290649415384673,0.3147156267056822,0.35158419931442103
-0.8174103217333477,-0.717045054380588,-0.39546424413337167,0.3151494282525254,0.36929788076019243
-0.8408272636141569,-0.6623464080622781,0.051565659654082774,0.31446117055576184,0.32300584218312844
-0.7434808457352081,-0.5726406971062912,0.22188107777242486,0.1272856232265976,0.2985120956678856
-0.7464787142353726,-0.8545790837647103,0.37360842416561657,0.17239626490651205,0.5143686288103013
-0.7425866542171355,-0.9560772340865875,0.26293784582078805,0.27413374591530615,0.3827467001464415
-0.7214591564618108,-0.60635606059722,0.5330971261709051,0.2864337694164524,0.2207650231498262
-0.523617874352335,-0.4639174898788605,0.5389644157018262,0.11254319954614239,-0.0630981040642958
-1.1199783101379022,-1.0958127461383222,0.7468524356988421,0.10839995619395631,-0.14805708206531562
-0.955760224069407,-1.1854508507340045,0.5062187518122714,0.09539271444948011,0.20259552465506897
-0.7660580970368449,-1.0311018611653968,0.4899706736497909,0.09298996266258913,0.2031092438381245
-0.5109930995124293,-1.2863169354822166,0.42541957731567004,0.2146409259938044,0.009840910849208101
-0.1972525978071472,-1.571951255501619,0.42488575358100533,0.09695967701360608,-0.017263517131413192
-0.5098262907771822,-1.1878282736374077,0.3433827561316867,0.6135074983850446,0.2752247420008489
-0.6675113920731961,-1.293385476146581,0.44915015149049564,0.07574373006854662,0.2173455597699019
-0.5566540869950756,-0.7924099995555209,0.06426864667837262,0.1804242160621845,0.046635170664570486
-0.6237655256871889,-0.8567386402349735,0.08620828889288162,0.3193280669493993,0.2564627716075742
-0.9583777793730242,-1.0628454641103051,0.5895069180461809,0.47983443566052203,0.16539275242669418
-1.0015322944606107,-1.0239189414645002,0.2654190651454158,0.4423634681456314,0.3612516708066533
-0.5785336198700194,-1.048397992879408,0.010242576967495032,0.4342064405900554,0.17918732887570485
-0.6010740210619006,-0.7742533533423132,0.10025607492678384,0.19359570306762625,0.337370653772608
-0.9543918459283318,0.4381089679142822,0.23655943557296077,0.2915966956151572,0.26374713216181733
-0.9592939810023915,-0.34151946159817337,0.2908980238093828,0.010225248296001077,0.2190379352468505
-1.0211023905272578,-0.640303457609015,0.13601438524622242,-0.270947986679161,0.21899387838137757
-0.9627713248719403,-0.37889417028671524,0.26237873594710304,0.09860783771480475,0.019943188791177853
-0.5961976575212062,-0.4704359048799305,0.375761228732159,0.048166288921144995,-0.10678425374283929
-0.8021213242592328,-0.7029375733981722,0.5327080809646406,-0.07918004098008613,0.1511497910658397
-0.9080290081302846,-0.9428533469524758,0.5293552189937055,-0.05791156254610447,0.31685989761785094
-1.0261766799297414,-0.7315306894497291,0.5934386671767258,0.21505038039279706,0.14672746109068202
-1.339959690500914,-0.9824667484871616,0.6117535257123692,0.2519927817804705,-0.0064161211726903936
-0.9619665308329884,-0.5481473283148702,0.4157795948238235,0.43234670825073496,-0.032284628282061495
-1.136182818472583,-0.7532637904548902,0.9081515722518687,0.28872201257184404,-0.395206214758828
-0.9623941930423363,-1.2100007930479104,0.9281913708829506,0.1747626393530567,0.26234477123529026
-0.9374089352952264,-1.1344614918238776,0.9772085650508088,0.2998477200004218,-0.22600075489021562
-0.9442182395499921,-1.0955976879257172,0.9410234896122771,0.46201503633918284,0.05514567001081533
-0.7079046952623139,-1.3729249063206765,0.7451494131054045,0.40845974760724935,-0.41315362707543
-1.7274304113084942,-1.468948600651433,0.7485328949591081,0.45100344270966003,-0.23560335893472453
-1.0501674862594221,-1.3589176482058698,0.7105747652163714,0.743742700204072,-0.2520843873038992
-1.0149681973251026,-1.2761791368773707,0.6060585471511716,0.6320992497514986,-0.1880106042044648
-1.0059650146066634,-1.3898359799052655,0.638503231431778,0.5072656635854321,-0.1444342598663768
-0.9702997687457766,-0.8895098536722387,0.42758531738036365,0.44805883581972383,-0.15390012797398703
-0.8375824156725606,-0.9600996009072846,0.23184184134108482,0.384198071791633,0.14753531903060674
-1.113536906475448,-0.8729659768140431,0.24042786872654354,0.4746431980814694,-0.4388214432054311
-1.1523370974338711,-1.3723219418118957,0.5081528110803651,-0.11543136051374692,-0.5766580299998681
-1.1491542189417006,-1.3143997580125424,0.43531241300575185,0.24143542083398245,-0.0386415486964658
-1.2553287683841916,-1.0357116330893748,0.33355521583511416,0.3111801191016445,0.19109006698110698
-1.3913016056677183,-1.050522558766059,0.5672060022502019,0.19504884140055742,0.16243909109773763
-0.9812019103299214,-1.0351970924213414,0.3947392928741004,0.43150200870468725,0.05557994131209845
-1.125743780261283,-0.9153964180554619,0.23363677239938233,0.18232795084684236,-0.2164858344560956
-1.154428259336624,-0.8896637277083065,0.143958260525271,0.5314066445548813,-0.18318652594077625
-1.2323614648353372,-0.9554920879663832,0.11953463231463812,0.37668383499920655,0.09203780519199403
-1.1763864934914203,-0.9336770664973029,0.1711297405947272,0.4234011318863803,0.21760146983201092
-1.393957943735372,-0.9202406390497864,0.20470196487006934,0.5736291773844444,0.31001679983940433
-1.251285777382503,-0.9899654445151203,0.18511362342397086,0.6781766946813071,0.17847362673218484
-1.3220466130214803,-0.9534884497316884,-0.030768590614994984,0.7665478422872327,0.1562763747810463
-1.2888034233339887,-1.1325837139146473,0.37286023366185417,0.5558579893354915,0.3162678222249087
-1.1727912540468568,-0.9546876674565399,-0.2116195581295482,0.4406071067498485,0.5327840642073484
-1.225874208322217,-0.6138278244003174,-0.06432838586437073,0.3540228770646469,0.7119857483904469
-1.3035073443956264,-1.425950284933523,-0.05757448782630614,0.27840425544639547,0.7485708261696132
-1.323391158117295,-0.7142065381491118,0.6838248336967221,0.8806577255342452,0.49604638060525647
-1.5239871967118093,-1.1666256018144037,0.1570254953346233,0.8396401697940719,0.04697191842742937
-1.661281990564433,-0.8084857242842401,0.7574681924008614,0.8155107471406368,0.1405214929132183
-1.7220059528401688,-1.206588956964327,1.2035299649636992,0.6399792023668162,0.2990298969787526
-1.5999788737969165,-1.2567900905208351,0.9038091235566503,0.757626320233397,0.436451789710545
-1.4438836221965596,-1.6021829803954044,0.6300295928994644,0.6216739124380978,0.5384695127809764
-1.4991889997816816,-1.501621761322842,0.7217302867724771,0.7336531760992243,0.786885807464446
-1.2873271622484754,-1.5247704595234655,0.4733263053701986,0.7914979269115558,0.29213279656963564
-1.4693700981674491,-1.161899873348223,0.3638793539513937,0.607405081375209,0.3323027983878189
-0.865871752787801,-1.4305822492999067,0.08637910548601285,0.7510181679389063,0.37818392185310135
-0.7989943039370634,-1.3605103107356822,-0.013680144113150827,0.5541868484606627,0.3922205072756489
-0.5225683381129688,-1.294223233876162,-0.07212337556620951,0.4147105407697931,0.3422101579399745
-1.1270546580226892,-1.0372092997539226,0.010638419427922485,0.25797495898286865,0.10746819727556008
-1.1292820299988588,-1.24153805596149,0.07766996942553422,0.14864412196922266,-0.023763496732782996
-1.4907934466332506,-1.0917367887646408,0.33468245748179287,0.4563279120937829,-0.05259888143793867
-1.0671094977130786,-1.1813818582579108,0.06892759276304333,0.2327318726750559,0.06255843754242289
-1.176335950353988,-0.9938714661789283,0.3591621727824408,0.2534049950924092,0.18049797754884755
-1.230828883539384,-0.7950749805194781,0.6328047039250296,0.27033974992737175,0.016511566167211375
-0.9953402146601489,-0.8300878926109511,0.5995217561494175,0.38747893196495786,0.1307692580558529
-1.1711986961086862,-0.5081560291414051,0.78134470117436,0.5208942156955793,0.1234552370680235
-1.2264188288303188,-0.8060646549128027,0.6511504541836028,0.3607552614811539,0.06999272696044213
-1.1324046796680223,-0.8613298054969919,0.6350562700820241,0.20650794380176768,0.11941714990672062
-1.256289231469614,-0.8687548418843172,0.6623376353437584,-0.034426259759904654,0.00887088406654981
-0.8832869110849189,-0.8858286190887443,1.1470513396284343,-0.1506173499589315,0.2607150442468787
-1.3812212577168912,-1.0458838475710934,1.2156480528155813,0.24348231817464777,0.28796695775704284
-0.8071255735603248,-1.9190458692398584,0.7867170551998868,-0.03223507627140504,0.24037537446434576
-0.5027188932317479,-1.110792320972668,0.5011980438353906,-0.016173995766842475,0.410905101164647
-0.6454348079195082,-0.6023666742921132,0.43559620685699874,-0.0239981560553732,0.10792476924909469
-1.0523334863841851,-0.6684239886295233,0.4506570344388715,0.013095762241494002,0.17807033770402336
-0.7451735489006155,-0.4653828748240665,0.8301582654410596,0.43432210314359326,0.20401108413919758
-0.7913287932575765,-1.035910153325918,0.8157076591995958,0.1892779106751063,-0.10205589529099504
-0.888714377571976,-1.2379114843520056,0.8007732524575221,0.35399624494156556,-0.07437516933991342
-0.5987423886843495,-1.245361218715877,0.9739865737847138,0.22575718148015983,0.013207184365384622
-0.17965188682920463,-0.746638253920297,0.3892958698835481,0.17039154403589957,0.3109765748814949
-0.721272882257318,-0.31638068330000957,0.6650932684406834,0.11294334988483473,0.18630631969969252
-0.6728015445654403,-0.5794212496003892,0.4018333739256088,0.18071365342204992,-0.020736044710154458
-0.7814000114448976,-0.7408853513201032,0.29063328738165395,0.2791173975596405,0.3522452741368362
-0.992061675926684,-0.8893609297819128,0.22206599128218418,0.23151724336043078,0.546496453306527
-0.5658845525198499,-0.6978997316128353,0.33000906346442177,0.20554920381202546,0.7155335780254584
-1.0754019572121074,-0.7144237330276898,0.41402166685951447,0.3926502141902807,0.35850419334503525
-0.9308614197300642,-0.6412692791757942,0.6960063813113859,0.26809936191355205,0.0769170463461165
-0.7053316574482376,-0.8955247682577375,0.6541249465083376,0.1277904203298838,0.14218362486719868
-0.739361191707536,-0.3981929770720226,0.6743041094482536,0.42610439868941474,-0.0037299122159297274
-0.5100934116247791,-0.5133822910853416,0.7850353138373548,0.22046184600594,-0.05589659475477787
-0.7480485472909741,-1.0320329795460725,0.8539629182082143,0.36253835792000033,0.17871909645677028
-1.0010292147586803,-0.5365797606242472,1.1133015465741263,0.11383988022487335,0.3105117342191128
-0.9223683201194282,-0.8805454624907257,1.1050068335270269,-1.2786122218657336,0.32175428985836835
-0.6738788942409781,-1.0317902087384891,1.088024567351909,-0.6098063069112987,-0.02415174898714291
-0.7873513069238556,-0.9454610433432288,0.5344365527203512,-0.3300811541870611,-0.010042038732902436
0.0920927296720836,-0.4273273829386458,0.08923892920945597,-0.36083086877912607,0.362036399280783
0.24648578243344388,-0.3075139890831078,0.01544939072308793,-0.216852046313874,0.725427080938651
-0.45181028697944264,-0.27289039657710035,0.02001886154544885,-0.21034305134937525,0.3381990304608702
-0.9326778062660679,-0.36139414545672277,0.5034716751842319,-0.37472894955030545,-0.0990546894320576
-0.7733434075357425,-0.45164594761901866,0.8301403359698463,-0.022981499713817466,0.2636157932360327
-0.6411003430268807,-0.7726299963829533,0.8969586049441767,-0.2824941662631607,0.06160469836846539
0.07345678111076481,-0.6363968512591597,0.41665073903074373,-0.1708089980446803,0.5859133117698185
-0.42866823157864875,-0.510727268755268,0.4695584479530127,-0.06812590875628166,0.5634765845121454
-0.7193033372825491,-1.2697268922100755,0.8169879061433742,-0.12300962069947252,0.3616522898956087
-0.724659213846086,-1.1399260648636647,0.7170750155567015,0.07638929801703331,0.3382703708112349
-0.6037619075511822,-1.001488523352486,0.7581931479650008,0.14162653567300465,0.17753465328603305
-0.672856261677447,-0.46524775424003906,0.66698880032922,0.32168762389865424,0.06492210940695886
-0.6218799500709501,-0.740377612123669,0.7525029436090118,-0.25382651174109094,0.8283384008721522
-0.44813144520901593,-1.0096678685897882,0.7736009002821992,-0.09745639950669971,0.3349672781408831
-0.6593131086955353,-1.043827349604241,0.82657442878758,0.08419385028589033,0.2014555573788449
-0.5204342904174846,-0.7211295984702303,0.8979507661195809,0.019033185590571544,0.20550307368877466
-0.5304060498083618,-0.3120428060298909,1.1595901192953133,0.04740875102044695,0.5298784484864281
-1.3095504487810732,-0.4224038180384412,1.371841980194986,-0.026538839026242433,-0.09706190835317444
-0.8266216008841862,-0.11814748394041819,1.1892521624096726,-0.23518337635931286,0.08241562997662101
-0.8378623620925605,-0.41389695915709057,1.1459236133725859,-0.2729446962198788,0.1136159794214027
-0.7374026330160165,-0.6430008046454486,0.7609574911962248,-0.2617634371131787,-0.2872921614325627
-0.8172697340423729,-0.31846526643384054,0.8925754327223392,0.016326339948915414,-0.12863651707157592
-0.8633259020800086,-0.35371668917852617,0.9310584131400852,-0.08810334283433063,-0.08928517769044775
-0.8611690339196288,-0.47588780442606526,1.382758539561686,-0.07711392222905111,-0.5057566948656778
-0.7104398775605799,-0.8702086958080515,0.8649322472841494,0.02455322881223565,-0.08321052546228042
-1.0109872644420923,-0.7432385979884935,0.7013330349671388,0.12005745090823128,-0.3400608702754563
-0.6743971164334056,-0.30123884119399813,0.9863313625005858,0.108170021848017,-0.13414979462944693
-0.44608798949131756,-0.6561497968048974,0.9377282117602207,-0.23276286932913226,-0.09176343858122354
-0.7600462732252113,-0.5161845197723235,1.2302170226991143,0.22074138961564965,-0.08214399626327559
-0.5698888553052391,-0.6746462324269729,1.1390868398478353,-0.02200257502975822,0.03406771462369915
-0.42679866026762103,-1.1215834705466494,0.9225805307563834,0.05187633824903792,-0.05654404541414619
-0.9039735631435367,-0.0077950427187416516,1.2037073696320506,0.49252795813573336,-0.24134693401143864
-0.8371211389205635,-0.8960411409773809,1.5092082043164299,0.17321097181792988,-0.2997587836080755
-0.5885269028415949,-1.0434959371304986,1.556591722485815,0.28928203479860926,-0.27013638237878684
-0.24229829203898906,-1.4129482929801702,1.0204450026117193,0.37246834790938893,-0.38231922694071707
-0.5652176377492467,-1.0554570660993283,1.1992255073267861,0.4520593072949751,-0.4128069884371279
-0.5118664146381986,-1.6271354428569706,1.0852565027838506,0.34035778858034077,-0.6622192380858059
-0.20140261088556333,-1.1679866571618363,0.8467083350998579,0.2685548853464416,-0.521664834921921
-0.6462104467694849,-1.1866827698876414,0.9189746930412719,0.36210660892841684,-0.47846430465843126
-0.27512464489689326,-0.796950874461239,0.9208646577094093,0.35347785141364174,-0.3225785610329491
-0.20158113179156867,-0.682975956146765,0.9361699593545989,0.4055910141069241,-0.07854515200199394
-0.12396929016865532,-0.6620323533704181,0.9214513357101768,0.3718355727908264,0.29630722113087826
-0.4211931606481418,-0.9012359075053081,1.0014800125473489,0.24705510964598582,-0.10100192177802189
-0.5581567054417751,-0.7663268133108836,1.2769522002834672,0.5435287656605028,0.34231358819725705
-0.2304051389620324,-0.7929537125333069,1.0276243114914958,0.2681577001562463,0.18268767992789986
-0.43776653047354364,-1.0270505471930405,1.2528857247803722,0.2148810551942919,0.14249689429906517
-0.6852971493201271,-0.46999460629641554,2.3821362402295625,0.15207320209664527,-0.08390376402205352
-0.8281514085148884,-1.246511256216835,2.298982716409002,-0.009428255224176119,-0.13972115681089148
-0.40811006974733327,-2.1073125340325127,1.7820642585523574,0.10604275347144942,0.12311498858907549
-0.6671243418613203,-1.5923163163796787,1.7103745453810975,0.3211374488645898,-0.03065087682354531
-0.5025302506169556,-2.205190482140732,1.5370428927216278,0.5392209968845054,-0.5048018461872574
-0.7860423184378065,-2.0657916447323257,1.4647033255845516,0.5629298661847016,-0.3598943077294035
-0.6452791722148907,-1.7791015025687122,1.2396266366645579,0.6002347529623998,-0.18518440039498446
-0.3090052274337868,-1.1418960476756077,1.0658284457695482,0.649233014912243,-0.10148297803729751
-0.45611333697783446,-0.9871512801682825,1.1271646579111998,0.4114605610795017,0.11076042957164232
-0.09388503537895942,-1.0549932014254766,0.9258532445630929,0.13103800744508565,-0.41895667861262825
-0.814573166482427,-0.7780959618493564,1.0964287952266751,0.08705265951025631,0.43534826904762275
-0.27099568037030314,-0.8616042758502496,1.0390686491319594,0.162577929986446,0.29965780121962143
-0.47282788302248735,-0.3557510527464596,0.20344158351193609,-0.0032794973023798635,0.07269429567030875
-0.547743564621922,0.2839783689142723,0.695117296406231,-0.07417009730270163,0.15944816010695384
-0.5849648819479574,0.14671618036443657,0.8893214553917285,-0.6050409997221542,0.013642392471025944
-0.31314325887197625,0.2909207981340971,1.025629762525807,-0.46119117064504633,0.17042208170595935
-0.34709750332216827,-0.10127795783299698,0.5335565685658403,-0.44330020126771963,0.02980103432558165
-0.47260240422709093,-0.24319101212197614,0.7359074563369157,-0.31407001118012967,0.3219409727113681
-0.4667881363320284,-0.17862558944121543,0.5169875809406593,-0.27455351767121194,-0.059803980456050364
-0.455886261198285,-0.4787904119406081,0.7607125630494883,-0.18629824577305287,0.3674075150306539
-0.35013451289011954,-0.16792797564019724,0.7906480780159185,-0.11962676585814691,0.23920540091890075
-0.6356727256871805,-0.12022395768312943,0.9300010830043238,-0.2852800493392137,0.5446175845797043
-0.5706637871301204,-0.19497918569378903,0.834712800481678,-0.6198045577113475,0.19476282070761886
-0.7023302116260438,-0.14569506476302851,0.9863559212567227,-0.4333303979584112,0.1067550928853769
-0.554251075844356,0.09777989100969742,0.8831321178577347,-0.4902184594880681,0.08114387206586303
-0.45054204389479796,-0.28378104103861834,0.8404074039722456,-0.22901551607289516,0.225546623392408
-0.30688145727554156,0.06157767803259184,0.4419086115406976,-0.5028361625256886,0.1572918174809605
-0.4051698686901925,0.25039782928328114,0.30546772874921646,-0.4753116799431095,0.11478071677761739
-0.44811106846416926,-0.19030835687134406,0.23266563567979592,-0.5473200410530416,0.01948007678855258
-0.35078117238212936,0.02507677587642876,0.43469937990189855,-0.2880720103136182,0.2018207034518826
-0.6060774024240219,-0.7232133484601009,0.5956016154789491,-0.4293203156876039,-0.028981851525881765
-0.6521884397546776,-0.8407392293299583,0.8666848686392945,-0.0730172929402152,-0.22851811751383772
-0.6849108745797701,-0.44446006895682516,0.7001880548255554,-0.1066444637047736,-0.3116839115244737
-0.6775680527552824,-0.6194734427408756,0.7603882916030208,0.06740587645406637,0.11625365349308081
-0.6590659670142667,-0.5835064846736269,0.723452774680772,0.03414818299013239,-0.022538409374695922
-0.8764877117371035,-0.4482680335473617,0.8492109338301262,0.22697284882638813,-0.12090298813299634
-0.09760551266310968,-0.6033399250077623,0.6927976636711844,0.09121086831854608,0.06829125492189905
-0.32032649293510596,-0.4066468402098453,0.635257309590546,0.28179234865970804,0.2167131063818592
-0.9076032656457282,-0.4814279264589598,0.9257918044529451,0.45695744208453676,0.5632913674164156
-0.9150740573060899,-0.38685429600290877,0.909333298707182,0.24924235580537313,0.005328398978407672
-0.7993784339236103,-0.19619965196485478,1.2220739461775174,0.14695371914611832,0.22728826187058235
-0.6208226387983369,-0.24952908146758568,1.9793785743930057,-0.16621038648533726,0.39820185816464027
-0.6855606402829497,-0.689889830197533,1.9487434302896514,-0.2852648423098134,0.3557216884418853
-0.818124955116957,-1.664999559555209,1.4979415975894206,0.00042469718941579027,0.3482571756036201
-0.9144184594495497,-1.4063760413090316,1.3760562597742694,0.29779625058326326,0.4741477554779722
-0.9330148665463082,-1.4547961440913064,1.1715933092757953,0.5996130275136716,0.21730340013955146
-0.7678313237478748,-1.1208519881816066,0.9299884676475025,0.598662627275373,0.19261801264489437
-0.7621324994315811,-1.3117806864880088,1.165097342016845,0.44850407267213377,0.8443039529953219
-0.8797401912515326,-1.5732156136113116,0.9490913412836488,0.28339366781942577,0.7171817550276193
-1.2648960758123278,-1.8774257926746396,0.9793964174198099,0.4834054053625033,0.20531726185552548
-0.7626384839763921,-1.3713654138947358,0.5939547595929412,0.7527990152959989,-0.07690696425665594
-1.096747561565384,-0.7062244267021142,0.9052587886845829,0.7487935992382564,-0.1364636526999728
-1.0960916385046318,-0.6277012879382095,0.8822771357038692,0.4131309197133415,0.02689289346413154
-1.0305152112804485,-1.1328370348322736,0.8863820017733874,0.27002491634610903,0.36739302814690045
-1.140059319961653,-1.0399530606934206,0.8546311171588724,0.411152781353573,0.11488580188966052
-1.3638642259899334,-1.0034348478275688,1.0729414692036354,0.6876106152350309,-0.11261042249229541
-1.046655268912199,-0.7458623803166202,1.182739163567767,0.6052978599042893,-0.05337946992689592
-1.1009080948307197,-1.0808349481979678,1.1569105926115109,0.5934937864300972,0.30856828300380745
-1.2169635046752052,-1.3079545699145465,1.1366522636651335,0.6536287078625008,0.06510536101021566
-0.9255589146177726,-1.337422457614426,1.0879502485929353,0.5570177403863339,0.23054324181316369
-1.2285280058097672,-1.2843133080355065,1.343400809330718,0.39280092874085815,0.12467698907681626
-1.0978008490961637,-0.7704826474419503,1.0122536239704634,0.5235794649395915,0.472124087622014
-0.86931522051582,-0.9486043329853442,0.8025101406610275,0.34519319912655844,0.3113325913927246
-0.9916886255748234,-1.245456058985646,0.7160434235454641,0.007573909346117735,0.007801954381651571
-1.0063689233911182,-0.8502278065604092,0.8471268334682166,0.18324340087086424,-0.29761106280584976
-0.8724479828932723,-0.2886163103007955,0.9745989787059873,0.1860331410761922,-0.43441530404070583
-0.8401649112697873,0.08759813032015196,1.020846712111334,0.009608283364427983,0.15131964658032818
-0.7333856769398356,-0.11574256014796924,0.7965178697069417,-0.11648763478322105,0.0705329818359299
-0.7475585321664401,-0.21850174326319582,0.5061575039802756,-0.2220756006639937,0.07203313841148987
-1.1530550048642878,-0.23023949669179422,0.8937974280010028,-0.05881233030687655,0.39295310203865236
-0.9615159061786236,-0.5716776140395725,0.5948081968985164,-0.3872222909124392,0.1002241894563679
-1.0399768577757895,-0.10346318365912299,0.6381808294036402,-0.09080437965279697,0.3830487261052864
-0.7363912889971791,-0.375204569858185,0.6825702675746016,0.18910879221568638,0.3815634934071384
-1.1204600821472646,-0.40311509283809666,1.2019463703343307,0.2597611702231025,0.16968087588931194
-1.1642632820648324,-0.7727822570580469,1.17014871386638,0.4562071244104223,0.2223908800199197
-0.971140157772546,-0.7522944617162052,0.7415295658544395,0.4403272697885859,-0.14435663948615815
-1.1667900460267586,-0.8840723116780083,1.2090630161411062,0.4715034981349086,-0.1544250978772017
-1.2255801294391473,-0.6287100637100249,1.2577195049590544,0.56949148073306,0.07093751872531354
-1.2340467604731271,-1.305463662655221,1.3432875060246439,0.3511995957659976,-0.09518697590489125
-0.9001834422019915,-1.3043902240822227,1.1376900312009774,0.33970536346741315,0.18201289503895457
-1.2833087469686584,-1.7551823967538718,1.1948752846854402,0.20355173167727572,0.17478514860132172
-0.7358930050927588,-1.35334200279306,1.1781760315959542,0.5975236879635222,0.20175651204813244
-1.0336807474350365,-1.6381553152382673,1.1552319862362523,0.7111611371395563,-0.08383674157496264
-1.8123310128692773,-1.4744445490565043,1.2722683332120495,0.9942753741383201,-0.3958604078466653
-1.0860046785454887,-1.3612267748472213,1.1670358395495175,0.5305049962934909,-0.2892886912032946
-1.1681965523632307,-0.7375120352633273,0.755870974070384,0.8083193632388727,-0.43001445189825926
-0.9781114206423409,-1.3725118481122818,0.7882331212092692,0.459591429581642,0.15608148973083022
-0.7776247463560064,-0.8852591650661947,0.44519123249362513,0.483449089218283,-0.078200985100433
-1.1243875453913328,-0.9274276392793156,0.7345789108933487,0.4483431057740086,0.0013276493643922874
-0.8524270269088857,0.06863263440683043,1.388393170637691,0.2908208046608262,-0.2039584179624156
-0.5664498592959082,-1.0559627061147419,1.2652119918698594,-0.324098970314537,-0.03955501125806102
-0.45176439113125755,-1.1080738671314192,1.0484716632667719,-0.2678111931300064,-0.10236542483003702
-0.8084060728722511,-0.4723209710946005,1.1476732986602458,-0.39617854807394337,0.15182229741583514
-0.7746377336051302,-0.5325298675869574,1.215322642336882,-0.3103639038998888,0.18341797318000608
-0.9890160419372905,-0.6314604748815182,1.2866563710210268,-0.3992626388543022,0.39951397142040346
-0.9679215036255924,-0.0472308112367511,1.2274255928235154,-0.4225448837534379,0.1844717261289816
-0.7298991217447056,-0.5440542379778457,0.7866044741909984,-0.4744907953287187,0.3118415569278458
-0.423575381154471,-0.5599203832335667,0.632465648626716,-0.42288906456074465,0.5951149354468896
-0.6506395848902763,-0.027061965239653873,0.8184014999818179,-0.333023771527123,0.5121232264999329
-0.41902320400455206,-0.21536021084876417,0.7418311426437774,-0.6606226050816444,0.5650867769734638
-0.4149655802971669,0.19128641671830848,1.489388773594478,-0.7055224135096911,0.5742702557828439
-0.762656437533672,-0.3042256985228645,1.3467295097945835,-0.7238914112854309,0.7616577464776093
-0.6500473260101184,-0.16137984763566438,1.0288039336438635,-0.6584248888889028,0.3971078429629349
-0.8070873388902889,-0.23591743394387243,1.1841128261852005,-0.3116318842469353,0.25533658138484594
-0.5442117910000522,-0.3434550262586994,0.8902687881265627,-0.321165940516842,0.21543953920625974
-0.6827777883717047,-0.29540076694791584,0.9935338010687819,-0.5691036946640211,0.3500706745664934
-0.7744670117408192,-0.41218298615363946,1.0312734677838695,-0.42619105333826995,0.3096448233239246
-0.8618892585813205,-0.10309219856981161,1.171415086006468,-0.38100745968449157,0.29756847155842314
-0.6255063560851549,-0.18423389533838874,1.202812420172782,-0.4643826631831493,0.4470846520741789
-0.1170887253619568,-0.2406099717817859,0.8560634740431101,-0.3561645073680379,0.23492782104990376
-0.46432836169055697,-1.0787782691700813,0.9408276234484036,-0.01921374497383263,0.4887070381682744
-0.9482459247455748,-0.5069251935133359,0.7738403549031582,0.1515959615437814,0.23706447744118814
-0.9972929044611019,-0.38701463018739096,0.9139057132143489,0.1607092774485524,-0.15970231319210476
-0.7798765205024011,-0.31044590366833436,0.9489125058986172,0.13560210803935083,0.16713303811208907
-1.1161184964962059,-0.6516692558146829,0.8155659752990264,0.04808983152671149,0.013407303196268539
-1.1677757971319085,-0.557354138605553,0.49685068612875605,0.15522312735660568,0.34763315425960334
-1.0394751669980091,-0.0885565122965362,0.8015335235738166,0.1622321114317652,0.36015830703407986
-0.9381016647144715,-0.40050170493012005,0.9427406016032484,0.0367453058307918,0.6141375152641336
-0.6911441583309833,0.08964050733185878,0.9700136070741909,-0.09104976081542948,0.5048481369780586
-0.5240812910561383,-0.11986999678436516,0.6988877383557806,-0.29510953667267353,0.3619468157426323
-1.0449669757531548,-0.07277303007009475,0.8947178855385456,-0.1642212654365003,0.27231867335195087
-1.1848013189540034,-0.4975572120243259,1.0959384525123281,-0.02091031396740653,0.24199902232346765
-1.0462250770297117,-0.28689401762537503,1.015431020373094,-0.11545592841423755,-0.10410938157909072
-1.5541017916982676,-0.3917409071742729,1.3070054480169042,0.08291334480026372,0.03299056500446479
-1.4641502220644207,-0.5728426089143752,1.7384249440344257,0.010513611391747696,-0.2978660368671793
-0.9965635713992047,-0.42213383710571073,1.561812235158691,0.22852981555185714,-0.0835365768586307
-0.6099519051063673,-0.6252973958982624,1.4621992543211775,0.08608926509084402,0.036440385372269124
-0.6918265085068858,-0.49415099983232846,1.4273324449780047,0.18140604907847158,0.2842780273198555
-1.0332330798711422,-0.5606149418965073,1.8850850266515768,0.1022156418452469,0.31475852971320417
-0.8968664552213097,-1.1224035729209458,1.5093789052448559,0.1274827944492844,0.1144010312029686
-0.7697197258734836,-0.8085500630782827,1.1806897435567163,0.22444510662329464,0.1622981347065844
-1.0078942264055226,-0.6762596248377867,1.1834888216130839,0.42345674699255226,0.15247743595527957
-0.7480224848097959,-0.6474042059642835,1.1409443731397042,0.31112234305074277,0.28235840077777946
-0.8122407790327018,-0.6563085581349926,1.0445583584920226,0.2073633859902802,0.15904172334875397
-0.7086979213719249,-0.41086711881680094,0.8633829211680106,0.22489624284722176,0.3627645881195968
-0.7791229537938498,-0.5660220372308322,0.8931819024051055,0.2946569222274785,0.16898018079870375
-0.7790102623652929,-0.7880613993058999,1.0115662720712995,0.17218521467923725,0.3636198579609943
-1.0288826108974594,-0.2494012335374481,1.1344233539658408,0.2636128587011184,-0.07564154843816043
-0.9819777096179224,-0.23712636529706718,0.9989361022811537,-0.010139821366088986,0.03511400982011571
-0.9016827130115079,-0.1981503241924427,0.9969862563092711,-0.2447075673843493,-0.1422795320695256
-0.8684777589988456,-0.10933032949642899,1.0533567358718077,-0.4152290468257513,0.10574253138100734
-1.1786244003365864,-0.17816843385342285,0.995249112443099,-0.5246154713923598,-0.057657151048051636
-0.9893121733551131,0.024954731894364812,1.20742210243395,-0.3033233578430843,-0.06487585855534611
-1.0120724501488305,-0.24411683122702754,1.1529994808233135,-0.49095379629612157,0.09602086387277259
-0.9470832927524989,0.456886885352527,0.9954247989872826,-0.4231603880159999,0.4921573263911908
-0.8711415424554493,0.329829806921938,1.0205009894069783,-0.4929784893055501,0.3692236723945038
-0.9005054852686319,-0.1480785928137326,1.0207589211011965,-0.5309411664540917,0.24737722024323394
-0.3612139709806327,-0.7993243584961338,0.7886180171699612,-0.3772108639578275,0.32035771407557156
-0.6009310450781518,-0.41142444547602064,0.7613890160635918,-0.24064844557229292,0.02686542388537344
-0.6224104299444878,-0.11913566080549973,0.9164934622431441,-0.39483097886678575,0.271364177339156
-1.0161310424446746,0.2350118698274758,1.2915237099351864,-0.29932981316485885,0.3682188639867422
-0.756803044955866,-0.2162277539285181,1.3207915386559976,-0.6326795017809382,0.18041164623251632
-1.0951046847633115,0.15549156090521765,1.759970489699883,-0.4428604840575219,-0.19560832978804124
-0.6704341712214745,-0.18566646171072676,1.3960457434388784,-0.43425812586115975,-0.3728462495870103
-0.6808712245841476,-0.4540241529672039,1.325149334665805,-0.4077970856658002,-0.11708252019594262
-0.5720872402526793,-0.359218296364882,1.1129705521194546,-0.2909216465777497,-0.019618137381127554
-0.7615153535579156,-0.08868223954746399,1.1866142645186788,0.17308859737923218,0.21083390456485246
-0.6527648224161534,-0.12274830072173643,1.1174375618727717,0.05003471602075804,0.39106727092718074
-0.9400939923200005,-0.32232960065907773,1.0172815903492052,0.18709578246435313,0.2757283549412848
-1.108432318255864,0.0056318661388477,1.1311335387987131,0.00920353085517947,-0.005334033061981713
-0.5706337463099065,-0.02782333527616762,0.8336830536717174,-0.572294024524846,0.34196102695235714
-0.8662249747181587,0.3954960257505218,0.9052065509247986,-0.40081171887313327,-0.07216972921600756
-0.8683388952201968,0.2944368928671915,0.9721509507253628,-0.5335782353553367,0.13758695537417676
-0.8426906069971356,-0.2501162099328589,1.0391345649209522,-0.34830321155624283,0.47423678934942004
-0.9624964068780999,-0.28463424025022044,1.0425638989254238,-0.4524257201243654,0.46891485916125186
-0.7629284216001447,0.030599028311047993,1.147384859142275,-0.39460602515076937,0.8496262736812992
-0.8080467655331108,-0.20983869917240822,1.0165944570452492,-0.4505833903072558,0.42517119308473716
-0.6835193455156123,-0.6240326634194984,0.7231566156448501,-0.5464269591042503,0.5418285756357328
-0.9616093875288727,-0.5670481369255417,0.8586044011665992,-0.4066743230979619,0.34935639197179774
-0.688882697932482,-0.20121867936592774,0.7246137095884557,-0.3012720916088432,0.1300376211409266
-1.0233283306364866,-0.11670393505512756,0.6777846735326444,-0.14839648968628938,0.4443864347435977
-1.32578159555241,-0.1500487073670861,0.9078931447970533,-0.1160961604739427,0.03454261874576103
-1.4297999483000838,-0.6006539398738462,1.0439727006650619,-0.31593828918568934,0.018271024047824436
-1.1603918342127537,-0.2950154301803864,1.2621900635870542,-0.11384741419397987,0.3194518248738284
-1.1394762506892138,-0.3588694638664099,0.25633061671171486,0.02144332774674157,0.010538919665557478
-0.8986114930227964,0.11254324087372704,0.46253974933661585,0.0034082053599387985,0.0737540975604642
-1.3927587959284233,0.31883844259212873,0.5880340098162442,0.00790649577831709,0.28275318802046484
-1.0477262663993772,0.1812432613732064,0.779748682559613,-0.19873520467719064,0.991650343366943
-1.0500092770633371,0.08093718040220366,1.155795321487999,-0.22539404755104597,0.6854470224121814
-1.1755190251632557,-0.7229163449541319,0.9643221837763627,-0.20595439580976566,0.389895106498429
-1.1843687960289153,-0.4956475165404454,0.897198069396353,-0.24964554210462142,0.5384644696191973
-1.0554918316461104,-0.28027776729011084,0.6985933377445426,-0.18787600423782105,0.6231426140156511
-1.3273564197885646,-0.10457384257547578,0.8962736574026879,-0.32225731663894147,0.24334501353526516
-1.4036343127562723,0.25475118370365846,0.9962888827430179,-0.3667500082834944,0.3592816969844171
-1.2093106718429933,0.20856587364178691,1.0739051375612454,-0.3658216665141889,0.7883819948979087
-1.0331019093389164,-0.15504386986653543,0.9169878728209226,-0.4495160232875406,0.40969739685764583
-0.9434812203122054,-0.5042570561966677,0.833571487592319,-0.11608013072216775,0.580030422872068
-0.7543408690084648,0.24220727224820687,0.6192397407775497,-0.10362083553063338,0.9168109924990926
-1.0215528313585942,0.07115880354790845,0.5567232233606942,-0.30925672976131185,0.7001158487355917
-0.9827033546233727,-0.14752589637974553,0.6636259117087039,-0.27048049641483374,0.7360034771959323
-1.136599411990663,0.08618936538360937,0.9152893897079437,-0.20867029192622616,0.5904160563168999
-1.3846453183970375,0.18787953475682972,0.7460626669848301,-0.23351386885242034,0.3863066433700909
-1.3422748628460397,0.07356062590591585,0.9727980784748039,-0.43519743091797636,0.6659143887187496
-1.0372322839887902,0.09051169062792794,0.686316343731323,-0.2778486088353893,0.48435598386861545
-0.7912601443428842,0.3188670777986694,0.6388739418247557,-0.05547390808222047,0.5525277181993626
-1.1758149353220029,-0.09104970601608917,0.4282463230932302,-0.29800852437238673,0.6434950201951338
-0.9872608255502069,0.38313244020137105,0.6723158420365847,-0.2533828328387696,0.809476684149729
-0.9862948675364801,0.3721414580812423,0.5091519315148011,-0.5629543603109003,0.5335845747587025
-0.610298556656382,0.20019948035440688,0.2750268125042342,-0.7306435881431003,0.7796481008768879
-0.864641254034975,0.1614580018891012,0.2849117770766656,-0.6670583622704152,0.5901355948585426
-0.9755920363901712,0.21920218434809086,0.40640871761892977,-0.4318269623204247,0.6652361790573414
-1.673294562835435,-0.14063901149571073,0.9350020662304381,-0.6655446278555254,0.5068691732380344
-1.288062142737148,-0.9231854815755238,1.0644214293606273,-0.4911236885052793,0.45309609545236945
-1.1821885655709305,-1.0693304273094921,1.2531382884325777,-0.2588598202701504,0.1471088571992048
-1.1093489703630814,-0.6069468108833853,1.3259095856421936,0.1434493736268609,0.7417315574133989
-0.9041727616324325,-0.6431561782911395,1.0852773553543178,-0.18506744233576466,0.6647062758114907
-0.7524823341983241,-0.37844693348883385,0.935923048000445,-0.34209401347436336,0.9367437186103171
-0.8036372865968345,-0.32436134262072336,0.7625863153985143,-0.641956411380706,1.2988403587378898
-0.8546085017651693,-0.8869276952080634,0.9295001096488471,-0.421161963846841,0.8674874569749333
-0.7618648209081109,-0.9106615578617852,1.0146465967080782,-0.5870047540918022,0.8130246643848693
-0.8887011822640251,-0.5243288941165807,1.4734433449514786,-0.3243973143138337,0.46263127375498486
-0.8810902135726466,-0.8560484705586198,1.4187343607986604,-0.023451235742987075,0.39922539370216
-0.9475453506377635,-0.9523997171810552,1.4142174222827801,0.11273346902430115,0.5160784739498724
-1.0291835202737163,-0.26764901942902425,1.1650416633976894,0.03800598532725721,1.0161171400613054
-0.5830172811975131,-0.36308610979195877,1.1579343510653737,-0.12354660111863214,0.8621142650441814
-0.8720029701626916,-0.48753394929889915,1.0784050238784693,0.05840146488437292,0.5732791416609084
-0.5714359387959695,-0.3332936498651329,0.9271743511870741,-0.1535518864456031,0.6050752229769454
-0.9850148305390594,-0.5079901118073551,0.9395850959543507,-0.1476105003821155,0.5109347543636741
-0.8716307071586321,0.09002148420916162,0.8694946234582157,0.05887093731372339,1.052484298855319
-1.2831130127555086,-0.4124572702169387,0.8561450721486518,-0.0645450627601497,0.42442498869526313
-1.1420781465137304,-0.5610340226036375,1.068516136788275,-0.1816092969700046,0.3900970911829093
-1.0710794695627184,-0.8238119687291687,1.06966331975087,0.02900917085876817,0.12616028219966952
-1.8965256827776034,-1.4507691863299816,1.200608963479211,0.2945153302077364,0.1611921472768824
-0.9342263835225201,-1.3666158732710587,1.0938994411828675,0.3293826264061841,0.12602281682063893
-0.7881267705890371,-1.548504830165048,0.9688589609660883,0.5946779293344523,0.05703781374832573
-0.7497005322342372,-1.174526576494003,0.9275830243602027,0.6633609833294266,0.261539215943184
-1.1504250175319097,-0.6549941450385417,0.7380753397364569,0.6908966735853062,0.29799448752043695
-1.1261595144720984,-0.546896882886127,0.810247528813074,0.6511850214852356,0.15899108057342348
-1.0779852789460718,-0.7171183071067679,0.8695532456363424,0.4353349580534736,0.3760389996083504
-1.0678746395468555,-0.601699980601042,0.9470268951545278,0.3077006077948939,0.6937644740806759
-1.067392808779963,-0.7173597166733784,0.7301996135189441,0.4743887158392404,0.4027131389479741
-0.9100525730613104,-0.7434447689288156,0.6632935888407802,0.42247461574421646,0.6575002847154446
-1.0732490200750173,-0.636062514677159,0.6969829202645004,0.6490563247005439,0.6374557424311751
-1.2943422003432774,-0.12196874501194,0.827235855860512,0.6653398293832261,0.6023029744011935
-1.075385401434292,-0.518970317075655,0.9514275094432343,0.46609674207412133,0.6602570311919883
-1.0528478363695555,-0.5832898560379163,0.8067418976291785,0.39868868248419653,0.9177267727480288
-0.6951850875171262,-0.3930600425121997,0.60735718696673,0.20456223806335763,0.9937437941714697
-1.0863455248789977,-0.7575638276638168,0.8554045307202078,0.1247033416586402,0.7555837375720514
-0.9139258548098282,-0.7456005667816519,0.8799464285818004,0.11514586065691866,0.43373011150206175
-0.9340354560876409,-0.7779775205051173,1.1456884877519864,0.22468924914455812,0.623811030401023
-0.8558547519393445,-0.5884850156235282,0.9400803952143584,0.41267562701264837,1.075842556209159
-0.7509316539539115,-0.8742388746521351,0.9239658451173829,0.20477698526385735,0.567556611045535
-0.8969572668460931,-0.7703458883985808,0.8885673555157271,-0.006580369258043631,0.6401949706479422
-0.8061599209591774,-0.6539159776952503,0.9217631436213161,-0.024587423737279478,0.4338807716673748
-0.9014759148705929,-0.8594623199727998,1.2046035394146912,0.2746184152723251,0.3305983771426927
-0.8768725557949743,-0.91618615440513,1.4264464311515428,0.30802053186691836,0.19009398886084672
-1.1331231571039961,-1.091952437166937,1.0461832526830488,0.30695008633090687,0.46964962851485825
-0.854232296914416,-0.987247264309621,0.9452712573077464,0.28778449784353743,0.6361382626960016
-0.6831768663987063,-0.8589178202771842,1.0173336592191027,0.5476264090593734,1.1726713807168498
-0.7017035644213145,-0.7276543626986738,1.191970618626975,0.3709612666606246,0.8832200001254868
-0.8537937532262156,-0.9536619836280603,1.2190600261250366,0.2113885998944638,0.22509945125274783
-0.9951027379815754,-1.1811794217614617,1.2033613146966688,0.391957983994874,0.2503248321778916
-1.1657299280676894,-1.2057732150769684,1.2822593053077531,0.5257494396201584,0.3561695278439102
-0.9724985123410215,-0.960280291548838,1.3930923531393913,0.6310933101304289,0.45544273952609765
-0.42619115587874284,-1.1585290080718273,1.1995289661110002,0.4284393397882376,0.7733800632654539
-0.7210948935444293,-1.0868562166907993,0.8772725017483908,0.5338010557449273,0.649531122100014
-0.8806171966340649,-0.5166935201502914,1.0113551619078058,0.5263462710133118,0.6008741965786983
-0.8248451473115055,-0.44214774723885414,1.1546123050228232,0.328864409840285,0.1171690182614531
-0.9221936178122002,-0.5645667440755362,1.046705413440869,0.022059055117535045,0.5070112761290524
-1.1188315808389715,-0.13645288545866469,1.3213583096510304,0.017624478120014553,0.4485205404823718
-0.8197086047361997,-0.2511316637457117,0.9049667090433677,0.07057719450304675,0.5530949284331662
-0.617067387271761,-0.47560371191622247,1.0241321979524742,0.02026560735491626,0.4663330089033
-0.8299924319657561,-0.6739687623285864,1.0095769774392778,0.051889721510572036,0.4300924270679163
-0.7472712593381905,-0.4521940908563758,0.4983698560646599,0.08089577721268937,0.2581125682958692
-0.9102778040682582,-0.4893771881570281,0.45960773737072597,0.1752030663137346,0.3841006382032506
-0.8146957266461364,-0.36768206240781665,0.41315857263499634,0.044653405253441164,0.38678892471175363
-0.7431440094927639,-0.14762638163189545,0.39025343895078046,-0.38774306611745085,0.47260203589326566
-0.5357732266500703,-0.14797919698209333,0.3698800456486869,-0.15550545895136225,0.7055829794550855
-0.5762264192746858,-0.3425067503888738,0.44940909118283456,-0.2663660167977827,0.9327595312971315
-0.40962900484373077,-0.24394967263714862,0.48148073681362347,-0.26783171348220736,0.9685123981234013
-0.7556843449537514,-0.9307684107369719,0.6712599688699415,-0.4586801459991282,1.0087215333824031
-1.0898417805198308,-0.856801286425134,0.7496119370416444,-0.23405989211353706,0.5150140546385167
-0.9728230565743213,-0.4904198274204751,0.8106644010736038,-0.06081882066807964,0.26175950549243254
-0.7423602315908554,-0.8764534383412806,0.7996261574402738,-0.165368161175676,0.42548671200120386
-0.561355921304174,-0.8038745632294082,0.8616857073660099,-0.19717419252406623,0.6138923862201974
-1.0279047903974443,-0.6771138309334598,1.064203786388644,-0.08383817835315684,0.12500483720000838
-0.6138513016395085,-2.0648484079681793,1.3607257391207541,0.05722101378116198,0.25874221429064637
-0.94352424061511,-1.718704523330155,1.8662333996048401,0.35582778518420954,0.4411800812518595
-1.0835057419474805,-1.6248014016210997,1.8307610706958122,0.7114583953734823,0.6144611618171842
-1.0178954623944871,-1.571445064451463,1.8581626266012128,0.8393323613212071,0.21114147491212612
-1.3187539433287152,-1.3360095303120825,2.117163176711183,0.9355260710056774,0.14192493194386452
-1.5157040406926274,-1.4937720535244723,1.8922026220358017,0.7379910736273134,0.18117556550992267
-1.1966689464272597,-1.8680048699018084,1.435494739810924,0.848022286205061,-0.09299625891265795
-1.1961996884333146,-1.7711771012636222,1.5578204926174606,0.8820046106093736,-0.18228507297536584
-1.0409221516757665,-1.5079040993184707,1.4670308470750344,0.8518600939817045,0.4541821097797823
-1.058308810622223,-1.543894876049558,1.2878681096908873,0.5823498206440473,0.536792306404949
-1.1359733431377872,-1.2939543897257924,1.1605965807828933,0.4236003598440913,0.4537823022885575
-1.2087529359897653,-1.4268960408795541,1.0440856211731833,0.5322867943474178,0.29842314000334375
-1.0371667118165813,-1.4628404849953092,0.8988704157568365,0.4271060458605526,0.2403371305074417
-1.0155086073975828,-1.0426277877391867,0.46225750329668314,0.497569365041434,0.2990653249375498
-0.8809618677358528,-0.9318205399426955,0.5710225871533602,0.12981344920891827,0.5957296956662532
-1.089761271426767,-0.8212784829120697,0.807217171100243,-0.08089737581869211,0.14041223200541425
-0.7079435500448149,-0.43373276035082053,0.7043903656934142,0.03405930269521795,0.3241159816830716
-1.2552220356232024,-0.38877356784803574,0.6623999973616328,-0.10436113006068157,0.37299701584828576
-0.8644157561725138,-0.4796440348514321,0.8657853686881746,-0.26180292186926163,-0.049057414407324806
-0.7018140476562463,-0.6683330646012501,1.0543367832895842,-0.14967252575519746,0.32714803665556563
-0.6563219340745793,-0.544807307582012,0.9637878841534907,-0.11422405494939174,0.33490610808048427
-0.8897776958728878,-0.403615390028905,0.9469996499342509,-0.19031870210715618,-0.10834933876645136
-1.0526440328276696,-0.3076983591109692,1.0964400027238077,-0.09541846022411328,-0.07792362745586362
-0.9880896299585148,-0.6208180065579981,1.516078334848069,-0.4222905746089759,0.34610764961348883
-0.5797079432705183,-1.0111823679014713,1.1868002042378116,-0.5884600497126334,0.172180387575546
-0.05693034707670197,-0.8577170142941912,0.8200693374474525,-0.663739200755702,0.48846622875973983
-0.7084400228487405,-0.5977769428158626,0.7657078903504939,-0.7404264513509954,0.6446433236340307
-0.9628968086976204,-0.5185901823447072,0.821130295325462,-0.5855971879061774,0.41165834581391336
-0.5597286535939741,-0.6559878911779482,0.8489553950054168,-0.5714631307606066,0.43873782113075166
-0.503921069099498,-0.7194054062005144,0.9141351146565433,-0.534616271143795,0.5248578445329501
-0.4690457435943435,-0.5129157622940708,0.7694882352526256,-0.5140643725092484,0.4292675908935347
-0.7072346124798498,0.15692708260329213,0.9826776412280673,-0.39368997204902967,0.09165869453385957
-0.4305133442336636,-0.1468437327399964,1.064485437419597,-0.5966771403718725,0.4003303085882163
-0.6812440024382911,-0.3544318453445982,1.0955318571826422,-0.7012232247840302,0.027101530941931268
-1.0928653421794639,0.02025672635980058,1.1469749926335788,-0.26506351019108876,0.11233887994780634
-0.8389955940485517,-0.17511636170789036,1.0457408260803625,-0.35906311941015673,0.21508593150797461
-0.4237653543496016,-0.7332421932399542,1.1222713717470159,-0.31747992784151097,0.3972628956856711
-0.5632628356593863,-0.7860915755038314,1.266921885456946,0.4198224367374276,0.6516075819352551
-0.6233173794043179,-0.9449500088852095,0.9505727182661423,0.15558453220387608,0.4828730031954236
-0.6580716152723763,-0.5979233192511104,0.9869688220859165,-0.13695535705406703,0.3406823690720343
-0.858566250164748,-1.3642890544610058,1.1400119681104859,-0.13479582358854275,0.2960259522296026
-0.7493802006881274,-0.9791295371851463,1.0809239493220735,0.017413498165903596,0.5081785201579503
-0.7033928316866259,-0.8983355493737615,1.1445868208744905,0.07649387976791676,0.16156113422815854
-0.6741056160855206,-0.8175311676708656,1.1022543071428366,0.1380891532329789,0.18794392481251052
-1.0812574474661574,-0.8940215250711061,1.3044884453483945,0.2164125758236637,-0.44752673983096564
-0.9186938361913792,-0.8316797202831134,1.8316740066608044,0.06383400991338861,0.021622572955831393
-0.8690664835195814,-0.9243836780345731,1.703384202109955,0.1269503541496126,0.09149170090792966
-1.3732060871373273,-0.6991095985245763,1.5494498401641008,0.3228589667363819,0.20899400926312695
-1.3378324985457337,-1.3287347255402993,1.6459353352931023,0.09507702093988857,0.08190424661542028
-1.082966203415641,-1.8547314438148415,1.7742675780287978,-0.06045200936986045,0.33599074646753835
-1.094954106496773,-1.215897230769688,2.088498978526142,0.6952527639701743,0.03821299235691608
-1.3238756079122147,-1.58829714185082,1.7182241100125952,0.5202596507563332,0.27761756184102154
-0.9259558333849137,-1.7699452221252172,0.688908798891644,0.48904677818990927,0.21195594473789015
-0.7430905824290646,-1.2011354904702953,0.9480981993247626,0.5145513729547505,0.140654541191687
-0.7312045229430635,-1.2122850758757384,0.8846207610163616,0.4231782050086217,0.3139372081205254
-0.7888388756925332,-0.7283156871260585,1.45492520422997,0.4938704146654086,0.19561481020300073
-0.5596874966725109,-1.1649224222297714,1.2924075384454503,0.26353085730246206,0.288848489990342
-0.2086099420258558,-0.8830960807840296,1.2868383963372227,0.25517970646556865,0.3476330254374191
-0.7289642075223521,-0.8875673499225006,1.1157528263155556,0.4473870572781949,0.16096254794614434
-0.7601795110028187,-1.024296924319731,0.8224734507689682,0.2620066296582406,0.13853135328417074
-0.8195369867405424,-0.896407627209408,1.1519130856209578,0.24543631925898474,0.2160392802267502
-0.6725324893259961,-1.4730647620159805,0.9856536558384797,0.22092963584661812,0.056683145004041535
-0.7234539333643683,-1.0670709927479924,0.6807335906398205,0.6381872152673561,0.3532191048132356
-0.6430270535438067,-1.1426792333403195,0.76133623633804,0.4678281191210526,0.7000710390583615
-0.810612993166985,-0.9704468673812008,0.8303603102997763,0.45527185642398016,0.5846971713231888
-0.5606746274894208,-1.300737860588285,0.9535932955542528,0.6558019621572873,0.43071382596738783
-0.28063235957011107,-1.1515720202163617,0.6370555688294602,0.45563806871719664,0.4859637648575619
-0.5803426796274154,-1.2154019459414838,0.27727534137047516,0.17944238384082867,0.472622063858921
-0.22243103384746865,-1.297673637698936,0.29369864098645726,0.050001653521592054,0.7805548652469156
-0.12685455994918582,-0.7747003397977804,0.25345716571098786,0.034604575473670324,0.21179973085955234
-0.38006682007143683,-0.4804685794493953,0.3386575204824628,-0.09352420077695921,0.2608315835992913
-0.5954272005386305,-0.5801209143180708,0.6073954179344363,-0.3675443316628616,0.3080081214192636
-0.7157165070212665,-0.3033125193139168,0.4545809215115063,-0.2877480876477009,0.031936789968963264
-0.8566369165704691,0.10243771668524726,0.9205448284672408,-0.3682500992109587,0.26593370850527365
-0.6929855907767343,-0.3334140657123097,1.0582035491401327,-0.5233418755903358,0.2714774266133863
-0.7719154963278081,-0.6120318455223183,1.0605161380225365,-0.6694724093697376,0.4806596960877652
-0.626761740308599,-0.5146434465294376,0.8577836858325627,-0.5783461342748163,0.5805311813390226
-0.6118201068127955,-0.5261812507318777,0.9777079319811467,-0.5046499763402849,0.21960514345658608
-0.8140661780474129,-0.6671029083921453,0.9199165225561284,-0.5588961592404382,-0.00023894956841430393
-0.7674237645813228,-0.8031446847089098,1.092859624116193,-0.00783511496774253,0.07427724536348213
-0.8794248881830631,-0.749559736594085,1.1332008585636026,-0.10802308148098999,0.4808087961106629
-0.6364603439658807,-0.8004951390249349,1.3251363613276768,-0.09871128114141059,0.16370373883811645
-0.7913292773761569,-1.0096140136772744,1.478445153782593,-0.4235721438563317,0.07549246990492076
-0.6479646959503816,-0.7117214667392082,1.249595048596086,-0.1993467141911963,0.22626665042494581
-0.6412531120434651,-0.7734916891115652,1.2233159999230563,-0.6140243880284548,0.04879489276412613
-0.6135189708287294,-1.2549730938213215,1.0077567654046429,-0.5087720746665823,0.09717597360328112
-0.8146937391618956,-0.9966213760573963,1.1684604468151756,-0.3225352961168244,-0.007939029967227645
-0.7812052204216667,-0.8611788960939544,0.9805805589751551,-0.23771766119813276,0.08881593651453268
-0.831577526957863,-0.8279889725230699,0.8670254375818698,-0.406680539796015,0.2983196665316983
-1.1693931498772376,-1.1189585364806307,1.1152638722346249,-0.15383030635523132,0.1960782927444804
-0.7112962266613617,-0.9098780263536486,1.0899760855706166,-0.0834566538396983,-0.09512246052218215
-0.7583901693009727,-1.0943686202679335,0.9860456997751422,-0.06923410314331124,-0.15024289620687659
-0.949790884552927,-0.9409485602154738,1.1722638827286986,0.03795067223752463,0.021463668806529113
-0.7773300064476177,-1.6538213306512617,1.2452458370519124,-0.49478554403643177,0.03869604799929245
-0.8533383877402838,-1.1140697613372614,1.2514391737975665,-0.4355889957962152,0.3127805332618624
-0.8150972945750122,-1.2169415955919916,1.1474087518891254,-0.2929955993238663,-0.2873476017104266
-0.8511940046621774,-0.8885807876061348,1.0923505673491762,-0.27183680729714715,0.014268288870095763
-1.073340815556654,-0.8000987181844974,0.7590875073211021,-0.24481946124587828,-0.09840389088424065
-0.7384504635755639,-1.3334163558006304,0.8959280268964716,-0.3807182416686039,0.025751959634710095
-0.6742672824816138,-0.8968850302853982,1.0012574300551793,-0.24267002099924873,0.22411696430844233
-0.8553255459383706,-0.7561758679212877,0.7422251433223641,-0.16968779401726575,0.31837739359216005
-1.0197925635028977,-0.8011815121341384,0.9509243698552967,-0.30864596014198775,0.2460547042536912
-0.965003938281237,-0.7219957107055915,1.1420554517757902,-0.39352591824377353,0.12230081578328514
-0.9589388345857327,-0.4448147296744544,1.159257725610661,-0.4234165523323373,0.500480441080992
-0.694899060929423,-0.6491966847440167,1.191830344681724,-0.670740345103044,0.05901324201021954
-0.6703386044332291,-1.1378652582945301,0.939679411986903,-0.9292072201757904,-0.018930522817649148
-0.48789396198226787,-1.2166570926474172,0.8801216730740624,-0.8279385097928897,-0.43021781167811707
-0.41859188545037007,-1.0421038920635832,1.0755776621417676,-0.4302978474027197,0.0024021703704736053
-0.5194989215881632,-0.542801052520048,0.9299699101551064,-0.4563692549773465,0.06727305305307887
-0.9507795009437061,-0.6021308224833704,0.883800185059326,-0.5012222243100264,-0.37262012512228737
-0.9214177422059672,-0.9937591328750282,0.9744753910313704,-0.63951164961748,-0.382475356375507
0.0021556964079135765,-0.9254714988420891,0.5537713857583092,-0.9368265047495361,-0.37135345933275915
-0.7699617113910324,-0.9100688247226668,0.640257590236354,-1.068146454911409,-0.08717458667498154
-0.8758466700443717,-0.9229922166166241,0.714365254083782,-0.7054327714644065,-0.23743902149085166
-1.0224900070908611,-0.5487076263923665,0.6889547273648806,-0.8797569823194417,-0.33421349959548097
-1.036961708786938,-0.3602591763748473,0.9185551290920871,-0.8045411610429284,-0.7190569876749491
-0.8489201640943274,-0.607225994119418,0.8023902154664373,-0.980114408814071,-0.4601230801618689
-0.5432151903432432,-0.5742541671818217,0.7437099915245277,-0.9884110899265908,-0.2675171928541903
-0.5278288054173671,-0.7041538805268085,0.5457461909648903,-1.0337030362976953,-0.0922422977414672
-0.38459216757520776,-0.4707481314719096,0.5749371816826517,-1.038458700548286,0.0879016156541706
-0.6247979456024642,-0.562561477303847,0.7221829095721335,-1.044199399026006,0.07130493303447158
-1.1090727871803516,0.5845144430649516,0.9748662160539687,-0.9869754609534471,-0.2899736526616696
-0.6911807455278598,-0.48776166802617404,1.0914078504652742,-1.5771640245980745,-0.2825540388969266
-0.7723154948530686,-0.11429739315176157,1.2071621043910366,-2.08894040408481,-0.6087527887065709
-0.855102558467636,-0.5695970662323463,1.0689613121265824,-1.8716410310272118,-0.3396599906059461
-1.1025379935715984,-0.6599848618878265,1.1565767274079315,-1.456816227252428,-0.25306128628007324
-0.9297889233435486,-0.5246769575017054,1.243903966665837,-1.26797104662112,-0.2939902338630012
-0.5103720468699189,-0.359761584082646,0.8637722908165443,-1.1466072273220111,-0.50108705319178
-0.8509125116095676,-0.3776143719235099,1.31541369002553,-1.0881372217606589,-0.5151280034793541
-0.5294321604047538,-0.37100918081525064,1.4302125377325172,-0.7753770980888105,-0.2644460060450611
-0.5527603888689813,-0.6711893292876964,1.1655419878556335,-0.9670106769714263,-0.2153076150604703
-0.6386577342048942,-0.7626286354016729,1.0602184357788793,-0.9554042236143556,-0.022624830269945773
-0.6651822814821831,-1.768777721129794,0.9665653026447794,-0.8088685245447212,-0.05168450573467859
-0.9305205954904656,-1.3330741951026186,0.8550369018399342,-0.6260143924455106,0.05441686999380703
-0.7715184329325997,-0.890867945768216,0.7170281122702394,-0.5058222305578768,0.036192926904003414
-0.8371987900040814,-0.8005352257322682,0.8961914411114891,-0.4414582014384435,-0.10160907719319484
-1.0119872849021991,-0.6387944187993788,0.8246671183452975,-0.5184071813922748,-0.46115344931079005
-0.9302414247687488,-0.2093360483331329,0.9061558626776777,-0.6797915075915054,-0.4257180021603242
-0.5097199542576119,-0.4838964921396308,1.175534921535717,-0.6665835219730705,0.13411503355266538
-0.8708072952111056,-0.39422990981935435,1.1027946835953961,-1.244383248483326,-0.18804131492873027
-1.3232625205564992,-0.13183270323395613,1.0353764030580574,-0.5578819113458637,-0.28532399715506457
-1.2686366031541052,-0.6752393420870374,0.8507965119257985,-0.5957782819218512,-0.27122128054998984
-1.1601483405302953,-0.4275587085597664,0.6439404692596407,-0.8800988212434535,-0.6442603449444846
-1.0624040926569656,-0.3241206907604419,0.8188148566558628,-1.0814258753907235,-0.31580657765279263
-1.0787056615567507,-0.526671833638553,0.6834897942871657,-1.1421989755423803,-0.3082266002295585
-0.9698409845816015,-0.31492584568562276,0.8218528709761828,-1.0052319270015442,-0.3752424908096668
-0.6846460974511468,-0.27233114591149704,0.3367973350477777,-0.984184558921886,-0.09223284668641701
-0.46653420671364876,-0.6172927844608318,0.34040638152372915,-0.9242679865365441,-0.033901879659819834
-1.197869785263235,-1.0767108696128045,0.5342862689494952,-0.7576669595790729,-0.46287554882698223
-1.5714121756726986,-0.773041113072884,0.92373714698607,-0.6047389428636298,-0.7295071424922073
-1.359489526246255,-0.7721417564906718,0.8363345346354651,-0.8181420858138954,-0.636455585551648
-1.2982893801708584,-0.7110064359958547,0.9950215534030382,-0.6217419029037186,-0.3882623042685301
-1.3047324480691302,-0.6368637189418056,0.571679158223822,-0.479623198669606,-0.9695303254096972
-0.9816092944394439,-0.7989703212379919,0.7568385759096511,-0.5714263196697976,-1.0146389529820488
-1.4733672137741662,-0.8874658911375448,1.087923025219492,-0.45385141358398196,-0.8299598047644979
-0.7767236254280314,-1.0593978728721614,0.8571812745924337,-0.6938526165525525,-0.6655422773002009
-1.1164639766783981,-1.36657777809019,0.887330152782632,-1.2936779314254556,-0.9624459809116435
-0.895135383799127,-0.8619135878857556,0.7172597417583411,-0.9715585714157571,-0.7569465043927216
-1.0272706388978943,-0.567483465225576,0.6861708093057844,-0.7753834841405581,-0.7328422004736803
-1.0878451495593413,-0.2653395738495389,0.6076229790859002,-0.569784213198991,-0.687122500334655
-0.7263383487881208,-0.567466717604032,0.5960708180485073,-0.5926837575886722,-0.772919794187306
-1.0718569738063553,-0.5285730127961406,0.6502432277381356,-0.6629346897274448,-0.686911977662126
0.18471174336991114,-0.5685931992498878,0.4437589636847765,-0.6420639954544123,-0.25300255795538507
-0.4223610823774042,-0.30037408621389283,0.5318147124427859,-1.0031830425778243,-0.5646555697960587
-0.7564561075068008,-0.31725917748814747,0.5791622050786704,-0.7558229436068545,-0.5211614109233069
-0.7938713879449597,-0.24884774838899026,0.49756772039439534,-0.8553177669956732,-0.1814571727921292
-1.0627057375881366,-0.03243717148408942,0.39640112671289685,-0.9560600720699111,-0.39695475461126806
-1.454416629334201,-0.38657808205488464,0.8050220476802945,-0.9052395076138117,-0.6789840451617821
-1.328595443530272,-0.49772311111975287,0.9012944926020002,-0.8547216296666944,-0.8406421610556932
-0.7218915679986988,-0.30540688116295306,0.8623259013540112,-0.6031088127084971,-0.4436350604091116
-0.6737032162530301,-0.6219575257723716,0.2846931004761779,-0.8732641284698718,-0.5566138662902259
-1.0055623951840167,0.06776297382718277,0.5235931733992045,-0.5719534652563609,-0.40930741544792554
-0.9223029466598144,-0.3854693903891292,0.6052422630214273,-0.9409791370151996,-0.20169083060603632
-1.0504153809481447,-0.14273799909195029,0.7630098069669805,-0.6548361263770033,-0.23121685938356015
-0.9378393863209962,-0.21921143235827384,0.763403481210988,-0.8510022396628424,-0.362828752251329
-0.9827415526382125,-0.014332373952568811,1.0961883046679042,-0.8044662906976511,-0.2975172300898665
-0.7484857227967909,-0.37045674015847696,0.960094911816646,-1.036260154076578,-0.13760283184013367
-0.7638458504789633,-0.5152668929204143,0.975945462058789,-1.2313630848578763,-0.3375710952999773
-0.537974051794564,-0.8616698572581667,1.2024083228827613,-0.9785233278549756,-0.5519135022243602
-0.4187854325631726,-1.2497430307505568,0.7428460874491716,-0.8203204653661286,-0.47533589873443766
-0.7908005784260677,-0.9430861747747147,0.7213750810390923,-0.38153699959540155,-1.0259748319274913
-0.8193206828694155,-0.813991859283406,0.6735616772877555,-0.6006388046372869,-0.07493418899617027
-0.8313411939456451,-0.4726190521485895,0.7301859252231195,-0.786721722685153,-0.35019339901232727
-0.7154269800848216,-0.7972903599983571,0.8086469758633765,-0.8319698827365756,-0.0714286289483323
-1.401762061133564,-0.4254668397790609,1.1903111535563098,-0.6977194759755466,-0.5138889176893136
-0.6602460904174955,-0.20160770343439816,1.282301919966001,-0.8906639839269584,-0.38445680934557347
-0.9606386791015846,-0.4008047510667796,1.232756462685332,-0.9239658316201151,-0.5071465253597282
-0.8855712327485604,-0.573649552889285,1.0807858524142189,-0.8967957806300323,-0.6274153997320651
-0.8877271935916861,-0.9442748137415764,1.2077585507729456,-0.5286435388135792,-0.10880655824549446
-0.8861299866692033,-1.2264914626735943,1.132045604429154,-0.7162482491019844,-0.3640646172112728
-0.7983114951900216,-1.2409731639801787,1.0792963038061796,-0.35302060602644386,-0.4737882766946737
-1.1334441980442236,-0.9880425172820677,1.0601904949616354,-0.19603464050446717,-0.6411195718470095
-0.9055344505233505,-1.4028718067322044,1.070029386105611,-0.11442503771177592,-0.5338277794566844
-0.25145988705786104,-1.253075071667626,0.7610812919240488,-0.0921878754422949,-0.2552745848243311
-0.8291509363108508,-1.0340558397582396,0.8531508978352338,-0.15296439092469333,-0.09645601686598648
-0.4190103026451254,-1.2545495258653725,0.5166545490406609,-0.19027201773720326,-0.1772340559502219
-1.2271855291603648,-1.0550489904213711,0.6041013651720544,-0.1193002282085418,-0.5050272867018892
-1.1387392841988238,-0.6937158934564305,0.6277496093524632,0.037243949081782746,-0.4389010235068816
-1.160197527990808,-1.1604433593113401,0.5948696779577434,-0.2577132346282259,-0.8772785021023009
-0.9696525501997558,-1.2013101960902022,0.633132892570803,-0.15659442078202698,-0.5860911176296699
-1.0592518670229374,-1.4975048651978113,0.8644018965163812,-0.0836603487281457,-0.644033615113284
-1.0023849514651844,-1.3677938511888095,1.021452321516655,0.10367344919211885,-0.5553929122487579
-0.7976938225464936,-1.197790100070298,0.860969235088027,-0.08218157497194822,-0.3738889815602113
-1.2949597868152716,-1.0735569914955405,1.0787537631334219,0.11853717486947635,-0.6265012039879996
-1.0383174480740585,-1.2121705157513838,0.9781762875356219,0.03663988010781449,-0.5526633334786981
-0.9168915224672096,-1.1432286866138184,1.1898003721960977,0.18202371723522476,-0.42063409503827137
-1.013561208065592,-1.4747888368146898,1.026775551383183,0.33359128323654397,-0.0573805387841535
-0.7397985359742374,-1.56606422121695,0.8920807997008954,0.2862712867158117,-0.9523879714060479
-0.9479192356956672,-1.5783800908062293,0.7413202555594037,0.44407191889921804,-0.8674696560074631
-1.0378828938250402,-1.426169252686207,0.9966327741777279,0.336143869146402,-0.7520530914342218
-1.1148965274301073,-1.0294756590128176,1.1003485735360066,0.0647284114529153,-0.575341125688641
